date,ticker,name,previous,open,high,low,close,change,volume,value,frequency,offer,offer_volume,bid,bid_volume,foreign_buy,foreign_sell
2026-09-07T00:00:00,AADI,Adaro Andalan Indonesia Tbk.,11250.0,11250.0,11850.0,11250.0,11700.0,450.0,18108700.0,211702077500.0,8367.0,11700.0,225900.0,11675.0,16600.0,7631200.0,4375600.0
2026-09-07T00:00:00,AALI,Astra Agro Lestari Tbk.,8550.0,8525.0,8525.0,8325.0,8375.0,-175.0,1101800.0,9278512500.0,1308.0,8400.0,35600.0,8375.0,19100.0,134200.0,215100.0
2026-09-07T00:00:00,ABBA,Mahaka Media Tbk.,30.0,0.0,0.0,0.0,30.0,0.0,0.0,0.0,0.0,0.0,0.0,0.0,0.0,0.0,0.0
2026-09-07T00:00:00,ABDA,Asuransi Bina Dana Arta Tbk.,4360.0,4360.0,5450.0,4320.0,4480.0,120.0,120200.0,600972500.0,422.0,4480.0,500.0,4330.0,100.0,6000.0,6000.0
2026-09-07T00:00:00,ABMM,ABM Investama Tbk.,2870.0,2860.0,2920.0,2860.0,2910.0,40.0,1328000.0,3842409000.0,561.0,2910.0,42100.0,2900.0,61300.0,94800.0,474100.0
2026-09-07T00:00:00,ACES,Aspirasi Hidup Indonesia Tbk.,358.0,358.0,360.0,350.0,358.0,0.0,16629700.0,5899299600.0,2095.0,358.0,1274400.0,356.0,665600.0,2933300.0,1610200.0
2026-09-07T00:00:00,ACRO,Samcro Hyosung Adilestari Tbk.,65.0,65.0,71.0,64.0,68.0,3.0,42678600.0,2910241500.0,9339.0,68.0,1167100.0,67.0,3934700.0,2544000.0,3155600.0
2026-09-07T00:00:00,ACST,Acset Indonusa Tbk.,93.0,0.0,98.0,96.0,98.0,5.0,1409100.0,137459000.0,206.0,99.0,87800.0,98.0,559600.0,0.0,67500.0
2026-09-07T00:00:00,ADCP,Adhi Commuter Properti Tbk.,50.0,0.0,0.0,0.0,50.0,0.0,0.0,0.0,0.0,0.0,0.0,0.0,0.0,0.0,0.0
2026-09-07T00:00:00,ADES,Akasha Wira International Tbk.,31800.0,0.0,31800.0,31550.0,31550.0,-250.0,7600.0,240520000.0,42.0,31600.0,16500.0,31550.0,2500.0,100.0,0.0
2026-09-07T00:00:00,ADHI,Adhi Karya (Persero) Tbk.,133.0,0.0,0.0,0.0,133.0,0.0,0.0,0.0,0.0,0.0,0.0,0.0,0.0,0.0,0.0
2026-09-07T00:00:00,ADMF,Adira Dinamika Multi Finance Tbk.,8725.0,8725.0,8775.0,8675.0,8725.0,0.0,58000.0,506255000.0,151.0,8725.0,102200.0,8700.0,29700.0,1500.0,7000.0
2026-09-07T00:00:00,ADMG,Polychem Indonesia Tbk,278.0,280.0,288.0,264.0,274.0,-4.0,2945600.0,795375400.0,600.0,274.0,94800.0,272.0,300.0,287600.0,79900.0
2026-09-07T00:00:00,ADMR,Alamtri Minerals Indonesia Tbk.,1655.0,1655.0,1670.0,1630.0,1645.0,-10.0,17833800.0,29358936500.0,5113.0,1650.0,735800.0,1645.0,959900.0,4528300.0,5103400.0
2026-09-07T00:00:00,ADRO,Alamtri Resources Indonesia Tbk.,2720.0,2740.0,2760.0,2680.0,2700.0,-20.0,32017200.0,86854021000.0,13388.0,2700.0,914800.0,2690.0,172200.0,7780800.0,15492600.0
2026-09-07T00:00:00,AEGS,Anugerah Spareparts Sejahtera Tbk.,46.0,0.0,48.0,46.0,48.0,2.0,5658400.0,267122200.0,367.0,48.0,1587300.0,47.0,135700.0,44100.0,100000.0
2026-09-07T00:00:00,AGAR,Asia Sejahtera Mina Tbk.,1470.0,0.0,1325.0,1325.0,1325.0,-145.0,46800.0,62010000.0,75.0,1325.0,856500.0,0.0,0.0,0.0,0.0
2026-09-07T00:00:00,AGII,Samator Indo Gas Tbk.,2990.0,3000.0,3050.0,3000.0,3000.0,10.0,67200.0,202505000.0,97.0,3010.0,17300.0,3000.0,15600.0,0.0,400.0
2026-09-07T00:00:00,AGRO,Bank Raya Indonesia Tbk.,153.0,156.0,156.0,153.0,155.0,2.0,3989400.0,618736600.0,522.0,155.0,152100.0,154.0,34900.0,177400.0,610900.0
2026-09-07T00:00:00,AGRS,Bank IBK Indonesia Tbk.,64.0,64.0,64.0,62.0,63.0,-1.0,7177200.0,453735600.0,279.0,64.0,2799200.0,63.0,1259500.0,221500.0,0.0
2026-09-07T00:00:00,AHAP,Asuransi Harta Aman Pratama Tbk.,103.0,103.0,103.0,99.0,102.0,-1.0,14889800.0,1501994500.0,1008.0,102.0,527700.0,101.0,90800.0,1621600.0,981000.0
2026-09-07T00:00:00,AIMS,Artha Mahiya Investama Tbk.,535.0,540.0,570.0,510.0,510.0,-25.0,998200.0,541808500.0,480.0,520.0,6900.0,510.0,97400.0,0.0,0.0
2026-09-07T00:00:00,AISA,FKS Food Sejahtera Tbk.,118.0,118.0,120.0,117.0,118.0,0.0,2259900.0,268406900.0,303.0,119.0,60600.0,118.0,100800.0,15600.0,179400.0
2026-09-07T00:00:00,AKKU,Anugerah Kagum Karya Utama Tbk.,38.0,0.0,0.0,0.0,38.0,0.0,0.0,0.0,0.0,0.0,0.0,0.0,0.0,0.0,0.0
2026-09-07T00:00:00,AKPI,Argha Karya Prima Industry Tbk.,540.0,550.0,550.0,515.0,530.0,-10.0,696000.0,365483500.0,149.0,535.0,180400.0,530.0,90600.0,30500.0,2000.0
2026-09-07T00:00:00,AKRA,AKR Corporindo Tbk.,1385.0,1405.0,1455.0,1390.0,1450.0,65.0,58910500.0,84104517000.0,10207.0,1455.0,740800.0,1450.0,118700.0,31498100.0,33294700.0
2026-09-07T00:00:00,AKSI,Mineral Sumberdaya Mandiri Tbk.,324.0,322.0,322.0,284.0,292.0,-32.0,4353600.0,1290215200.0,1528.0,292.0,4300.0,290.0,9000.0,224400.0,45400.0
2026-09-07T00:00:00,ALDO,Alkindo Naratama Tbk.,945.0,0.0,975.0,930.0,940.0,-5.0,24200.0,22820500.0,87.0,940.0,2200.0,925.0,1700.0,0.0,0.0
2026-09-07T00:00:00,ALII,Ancara Logistics Indonesia Tbk.,790.0,790.0,795.0,770.0,770.0,-20.0,748400.0,581351500.0,319.0,780.0,36300.0,770.0,202300.0,2600.0,242400.0
2026-09-07T00:00:00,ALKA,Alakasa Industrindo Tbk,4000.0,0.0,3760.0,3650.0,3750.0,-250.0,136900.0,508231000.0,166.0,3760.0,14000.0,3750.0,11900.0,0.0,0.0
2026-09-07T00:00:00,ALMI,Alumindo Light Metal Industry Tbk.,74.0,0.0,0.0,0.0,74.0,0.0,0.0,0.0,0.0,0.0,0.0,0.0,0.0,0.0,0.0
2026-09-07T00:00:00,ALTO,Tri Banyan Tirta Tbk.,18.0,0.0,0.0,0.0,18.0,0.0,0.0,0.0,0.0,0.0,0.0,0.0,0.0,0.0,0.0
2026-09-07T00:00:00,AMAG,Asuransi Multi Artha Guna Tbk.,390.0,390.0,390.0,386.0,390.0,0.0,115900.0,45028800.0,29.0,390.0,184000.0,386.0,57900.0,50000.0,35200.0
2026-09-07T00:00:00,AMAN,Makmur Berkah Amanda Tbk.,234.0,238.0,238.0,230.0,232.0,-2.0,554100.0,130669800.0,144.0,234.0,13900.0,232.0,35400.0,1100.0,122600.0
2026-09-07T00:00:00,AMAR,Bank Amar Indonesia Tbk.,236.0,234.0,238.0,232.0,234.0,-2.0,385100.0,91353800.0,88.0,236.0,124800.0,234.0,6300.0,0.0,36000.0
2026-09-07T00:00:00,AMFG,Asahimas Flat Glass Tbk.,3330.0,0.0,3330.0,3280.0,3330.0,0.0,3700.0,12218000.0,18.0,3330.0,35400.0,3290.0,600.0,0.0,200.0
2026-09-07T00:00:00,AMIN,Ateliers Mecaniques D Indonesie Tbk.,240.0,240.0,250.0,238.0,242.0,2.0,97000.0,23694600.0,100.0,244.0,18700.0,240.0,12000.0,0.0,0.0
2026-09-07T00:00:00,AMMN,Amman Mineral Internasional Tbk.,4390.0,4390.0,4430.0,4360.0,4410.0,20.0,30029000.0,132014080000.0,7593.0,4410.0,55900.0,4400.0,467700.0,9926100.0,7589100.0
2026-09-07T00:00:00,AMMS,Agung Menjangan Mas Tbk.,206.0,0.0,226.0,206.0,226.0,20.0,1502700.0,329203600.0,415.0,0.0,0.0,226.0,223200.0,189200.0,97600.0
2026-09-07T00:00:00,AMOR,Ashmore Asset Management Indonesia Tbk.,362.0,362.0,374.0,360.0,370.0,8.0,706200.0,260064200.0,395.0,372.0,500.0,370.0,25300.0,0.0,0.0
2026-09-07T00:00:00,AMRT,Sumber Alfaria Trijaya Tbk.,1310.0,1320.0,1325.0,1310.0,1315.0,5.0,18085300.0,23804374000.0,3286.0,1320.0,666700.0,1315.0,25400.0,11755600.0,13138900.0
2026-09-07T00:00:00,ANDI,Andira Agro Tbk.,19.0,0.0,20.0,20.0,20.0,1.0,7595300.0,151906000.0,162.0,0.0,0.0,20.0,20843300.0,0.0,0.0
2026-09-07T00:00:00,ANJT,Austindo Nusantara Jaya Tbk.,1595.0,0.0,1615.0,1590.0,1595.0,0.0,90400.0,144701500.0,48.0,1610.0,3100.0,1590.0,42800.0,200.0,0.0
2026-09-07T00:00:00,ANTM,ANTAM (Persero) Tbk.,3120.0,3120.0,3120.0,3070.0,3080.0,-40.0,72342200.0,223555064000.0,19370.0,3080.0,22900.0,3070.0,3134700.0,12640900.0,9981100.0
2026-09-07T00:00:00,APEX,Apexindo Pratama Duta Tbk.,202.0,202.0,204.0,196.0,202.0,0.0,8747100.0,1756872400.0,953.0,202.0,532200.0,200.0,1190000.0,2465700.0,443300.0
2026-09-07T00:00:00,APIC,Pacific Strategic Financial Tbk.,510.0,510.0,510.0,500.0,510.0,0.0,517200.0,261304000.0,268.0,510.0,70900.0,505.0,2000.0,0.0,316600.0
2026-09-07T00:00:00,APII,Arita Prima Indonesia Tbk.,192.0,192.0,192.0,188.0,192.0,0.0,12600.0,2391600.0,29.0,192.0,112300.0,191.0,100.0,0.0,1100.0
2026-09-07T00:00:00,APLI,Asiaplast Industries Tbk.,278.0,278.0,278.0,274.0,276.0,-2.0,283300.0,78489200.0,99.0,276.0,26700.0,274.0,1000.0,100000.0,10100.0
2026-09-07T00:00:00,APLN,Agung Podomoro Land Tbk.,136.0,137.0,137.0,131.0,134.0,-2.0,20833900.0,2797617700.0,1490.0,135.0,271600.0,134.0,344400.0,5002700.0,1237000.0
2026-09-07T00:00:00,ARCI,Archi Indonesia Tbk.,1340.0,1310.0,1315.0,1290.0,1310.0,-30.0,31053600.0,40436587000.0,8701.0,1310.0,71400.0,1305.0,667200.0,8485000.0,3284300.0
2026-09-07T00:00:00,AREA,Dunia Virtual Online Tbk.,336.0,336.0,342.0,334.0,336.0,0.0,665200.0,224491600.0,217.0,338.0,2900.0,336.0,41500.0,2100.0,2100.0
2026-09-07T00:00:00,ARGO,Argo Pantes Tbk,1175.0,0.0,1170.0,1150.0,1170.0,-5.0,103800.0,121420500.0,54.0,1170.0,8000.0,1150.0,900.0,0.0,4700.0
2026-09-07T00:00:00,ARII,Atlas Resources Tbk.,310.0,310.0,320.0,308.0,312.0,2.0,436600.0,136533200.0,113.0,312.0,183400.0,310.0,300.0,0.0,0.0
2026-09-07T00:00:00,ARKA,Arkha Jayanti Persada Tbk.,22.0,0.0,0.0,0.0,22.0,0.0,0.0,0.0,0.0,0.0,0.0,0.0,0.0,0.0,0.0
2026-09-07T00:00:00,ARKO,Arkora Hydro Tbk.,4700.0,4710.0,4850.0,4630.0,4790.0,90.0,2061600.0,9816468000.0,1578.0,4800.0,10500.0,4790.0,200.0,142600.0,246500.0
2026-09-07T00:00:00,ARMY,Armidian Karyatama Tbk.,50.0,0.0,0.0,0.0,50.0,0.0,0.0,0.0,0.0,0.0,0.0,0.0,0.0,0.0,0.0
2026-09-07T00:00:00,ARNA,Arwana Citramulia Tbk.,510.0,510.0,515.0,500.0,510.0,0.0,2837300.0,1435533000.0,519.0,510.0,834100.0,505.0,114300.0,208500.0,836700.0
2026-09-07T00:00:00,ARTA,Arthavest Tbk,2320.0,2330.0,2350.0,2330.0,2340.0,20.0,2400.0,5615000.0,7.0,2330.0,100.0,2280.0,300.0,0.0,300.0
2026-09-07T00:00:00,ARTI,Ratu Prabu Energi Tbk,2.0,0.0,0.0,0.0,2.0,0.0,0.0,0.0,0.0,0.0,0.0,0.0,0.0,0.0,0.0
2026-09-07T00:00:00,ARTO,Bank Jago Tbk.,1050.0,1050.0,1050.0,1010.0,1020.0,-30.0,19732700.0,20241574500.0,3516.0,1030.0,41300.0,1020.0,306200.0,5848100.0,5895600.0
2026-09-07T00:00:00,ASBI,Asuransi Bintang Tbk.,402.0,0.0,406.0,398.0,400.0,-2.0,23700.0,9527800.0,38.0,402.0,2200.0,400.0,200.0,0.0,0.0
2026-09-07T00:00:00,ASDM,Asuransi Dayin Mitra Tbk.,520.0,0.0,525.0,515.0,515.0,-5.0,13600.0,7068500.0,12.0,520.0,54700.0,515.0,600.0,0.0,0.0
2026-09-07T00:00:00,ASGR,Astra Graphia Tbk.,2160.0,2160.0,2190.0,2140.0,2170.0,10.0,748400.0,1618846000.0,885.0,2170.0,21900.0,2150.0,72600.0,48200.0,151400.0
2026-09-07T00:00:00,ASHA,Cilacap Samudera Fishing Industry Tbk.,58.0,59.0,59.0,57.0,57.0,-1.0,16959400.0,982107600.0,933.0,58.0,491900.0,57.0,5110900.0,878300.0,121900.0
2026-09-07T00:00:00,ASII,Astra International Tbk.,4900.0,4770.0,4910.0,4770.0,4910.0,10.0,41646800.0,202059613000.0,10604.0,4920.0,604500.0,4910.0,150200.0,24209700.0,22368500.0
2026-09-07T00:00:00,ASJT,Asuransi Jasa Tania Tbk.,162.0,162.0,163.0,161.0,162.0,0.0,134900.0,21920800.0,32.0,162.0,20800.0,161.0,131200.0,0.0,0.0
2026-09-07T00:00:00,ASLC,Autopedia Sukses Lestari Tbk.,68.0,68.0,69.0,68.0,69.0,1.0,5850500.0,399569300.0,301.0,69.0,1950400.0,68.0,676700.0,0.0,0.0
2026-09-07T00:00:00,ASLI,Asri Karya Lestari Tbk.,376.0,378.0,422.0,360.0,400.0,24.0,149749600.0,58230467800.0,9376.0,400.0,219500.0,398.0,191600.0,11223100.0,10453300.0
2026-09-07T00:00:00,ASMI,Asuransi Maximus Graha Persada Tbk.,15.0,0.0,15.0,15.0,15.0,0.0,4124000.0,61860000.0,248.0,15.0,4074000.0,14.0,12993200.0,0.0,0.0
2026-09-07T00:00:00,ASPI,Andalan Sakti Primaindo Tbk.,422.0,420.0,452.0,374.0,404.0,-18.0,2959500.0,1186879000.0,713.0,410.0,2200.0,402.0,1500.0,157700.0,117200.0
2026-09-07T00:00:00,ASPR,Asia Pramulia Tbk.,147.0,147.0,148.0,142.0,146.0,-1.0,22733000.0,3291333400.0,2449.0,147.0,267900.0,145.0,492700.0,1801300.0,6938500.0
2026-09-07T00:00:00,ASRI,Alam Sutera Realty Tbk.,129.0,130.0,130.0,127.0,127.0,-2.0,5354000.0,684533900.0,520.0,128.0,269900.0,127.0,2799200.0,78600.0,969400.0
2026-09-07T00:00:00,ASRM,Asuransi Ramayana Tbk.,282.0,282.0,282.0,278.0,282.0,0.0,16000.0,4488000.0,24.0,282.0,100.0,280.0,1400.0,0.0,2400.0
2026-09-07T00:00:00,ASSA,Adi Sarana Armada Tbk.,640.0,650.0,665.0,640.0,655.0,15.0,18313900.0,11929090500.0,2197.0,655.0,1544300.0,650.0,345500.0,3052200.0,5143300.0
2026-09-07T00:00:00,ATAP,Trimitra Prawara Goldland Tbk.,560.0,560.0,570.0,540.0,550.0,-10.0,858100.0,476247000.0,188.0,555.0,9400.0,545.0,14900.0,0.0,42600.0
2026-09-07T00:00:00,ATIC,Anabatic Technologies Tbk.,460.0,0.0,470.0,460.0,470.0,10.0,56200.0,26144000.0,52.0,470.0,25600.0,466.0,2700.0,0.0,0.0
2026-09-07T00:00:00,ATLA,Atlantis Subsea Indonesia Tbk.,50.0,50.0,50.0,50.0,50.0,0.0,770100.0,38505000.0,94.0,50.0,80511700.0,0.0,0.0,0.0,0.0
2026-09-07T00:00:00,AUTO,Astra Otoparts Tbk.,3330.0,3320.0,3360.0,3320.0,3340.0,10.0,1956100.0,6539995000.0,1052.0,3350.0,200.0,3340.0,29300.0,567600.0,554600.0
2026-09-07T00:00:00,AVIA,Avia Avian Tbk.,372.0,374.0,374.0,366.0,366.0,-6.0,6747000.0,2492947800.0,1061.0,368.0,500.0,366.0,824500.0,3192600.0,3838300.0
2026-09-07T00:00:00,AWAN,Era Digital Media Tbk.,169.0,169.0,170.0,161.0,168.0,-1.0,259600.0,42747800.0,132.0,168.0,52000.0,166.0,3100.0,27000.0,0.0
2026-09-07T00:00:00,AXIO,Tera Data Indonusa Tbk.,114.0,115.0,115.0,113.0,115.0,1.0,636600.0,72366000.0,209.0,115.0,74000.0,114.0,5100.0,0.0,0.0
2026-09-07T00:00:00,AYAM,Janu Putra Sejahtera Tbk.,488.0,488.0,494.0,480.0,492.0,4.0,17571500.0,8584049600.0,2179.0,492.0,327800.0,490.0,38900.0,5312000.0,1405100.0
2026-09-07T00:00:00,AYLS,Arkayana Lestari Grup Tbk.,155.0,157.0,158.0,155.0,157.0,2.0,1609500.0,251278700.0,245.0,158.0,157700.0,157.0,59500.0,0.0,0.0
2026-09-07T00:00:00,BABP,Bank MNC Internasional Tbk.,50.0,50.0,50.0,50.0,50.0,0.0,121900.0,6095000.0,26.0,50.0,37632900.0,0.0,0.0,0.0,0.0
2026-09-07T00:00:00,BABY,Multitrend Indo Tbk.,210.0,210.0,212.0,208.0,208.0,-2.0,799500.0,167078200.0,276.0,210.0,1400.0,208.0,34800.0,0.0,8600.0
2026-09-07T00:00:00,BACA,Bank Capital Indonesia Tbk.,120.0,120.0,122.0,118.0,119.0,-1.0,2454600.0,293071300.0,220.0,120.0,223600.0,119.0,522000.0,72600.0,3900.0
2026-09-07T00:00:00,BACH,Bach Multi Global Tbk.,458.0,460.0,462.0,452.0,454.0,-4.0,21998600.0,10052596000.0,3855.0,456.0,207000.0,454.0,1054400.0,2877700.0,2459600.0
2026-09-07T00:00:00,BAIK,Bersama Mencapai Puncak Tbk.,266.0,262.0,266.0,260.0,262.0,-4.0,8773400.0,2302435000.0,1828.0,264.0,121000.0,262.0,301500.0,2161700.0,771900.0
2026-09-07T00:00:00,BAJA,Saranacentral Bajatama Tbk.,282.0,288.0,288.0,268.0,270.0,-12.0,4546700.0,1245324200.0,1424.0,272.0,9900.0,270.0,199300.0,137000.0,59600.0
2026-09-07T00:00:00,BALI,Bali Towerindo Sentra Tbk.,1295.0,1295.0,1480.0,1245.0,1310.0,15.0,177700.0,235513500.0,267.0,1310.0,11400.0,1305.0,6300.0,3800.0,74600.0
2026-09-07T00:00:00,BANK,Bank Aladin Syariah Tbk.,274.0,274.0,274.0,266.0,270.0,-4.0,7311000.0,1969406000.0,1010.0,270.0,149500.0,268.0,274100.0,41300.0,3344100.0
2026-09-07T00:00:00,BAPA,Bekasi Asri Pemula Tbk.,137.0,137.0,139.0,136.0,139.0,2.0,11640400.0,1600581000.0,1394.0,139.0,64900.0,138.0,107900.0,1117700.0,540100.0
2026-09-07T00:00:00,BAPI,Bhakti Agung Propertindo Tbk.,19.0,0.0,20.0,19.0,20.0,1.0,6486600.0,124067200.0,172.0,20.0,6868300.0,19.0,3489200.0,0.0,0.0
2026-09-07T00:00:00,BATA,Sepatu Bata Tbk.,59.0,0.0,0.0,0.0,59.0,0.0,0.0,0.0,0.0,0.0,0.0,0.0,0.0,0.0,0.0
2026-09-07T00:00:00,BATR,Benteng Api Technic Tbk.,94.0,94.0,94.0,92.0,93.0,-1.0,313200.0,29129700.0,107.0,94.0,8700.0,93.0,10000.0,1600.0,1200.0
2026-09-07T00:00:00,BAUT,Mitra Angkasa Sejahtera Tbk.,37.0,0.0,38.0,37.0,37.0,0.0,6972300.0,258047800.0,98.0,38.0,2785500.0,37.0,4145100.0,0.0,0.0
2026-09-07T00:00:00,BAYU,Bayu Buana Tbk,1355.0,1335.0,1370.0,1330.0,1350.0,-5.0,194900.0,261799000.0,116.0,1350.0,45300.0,1335.0,26000.0,31000.0,12300.0
2026-09-07T00:00:00,BBCA,Bank Central Asia Tbk.,6700.0,6750.0,6750.0,6600.0,6625.0,-75.0,65118000.0,432787570000.0,20528.0,6625.0,1486700.0,6600.0,6854600.0,25796200.0,31667600.0
2026-09-07T00:00:00,BBHI,Allo Bank Indonesia Tbk.,900.0,905.0,910.0,895.0,900.0,0.0,13498700.0,12150537000.0,694.0,900.0,90000.0,895.0,15900.0,13600.0,564400.0
2026-09-07T00:00:00,BBKP,Bank KB Indonesia Tbk.,54.0,54.0,55.0,53.0,54.0,0.0,58764500.0,3166462700.0,722.0,55.0,48122900.0,54.0,28674300.0,9104000.0,22423400.0
2026-09-07T00:00:00,BBLD,Buana Finance Tbk.,695.0,0.0,720.0,675.0,680.0,-15.0,80200.0,55850000.0,27.0,695.0,300.0,675.0,7000.0,0.0,0.0
2026-09-07T00:00:00,BBMD,Bank Mestika Dharma Tbk.,1955.0,0.0,2000.0,1945.0,1950.0,-5.0,6300.0,12420500.0,21.0,2000.0,700.0,1960.0,200.0,100.0,1100.0
2026-09-07T00:00:00,BBNI,Bank Negara Indonesia (Persero) Tbk.,3940.0,3900.0,3930.0,3880.0,3910.0,-30.0,21661900.0,84566839000.0,9252.0,3910.0,250800.0,3900.0,26500.0,7337700.0,10334200.0
2026-09-07T00:00:00,BBRI,Bank Rakyat Indonesia (Persero) Tbk.,3390.0,3400.0,3400.0,3330.0,3370.0,-20.0,140651200.0,472248245000.0,36257.0,3380.0,3200700.0,3370.0,168300.0,50029100.0,65985300.0
2026-09-07T00:00:00,BBRM,Pelayaran Nasional Bina Buana Raya Tbk.,120.0,120.0,123.0,118.0,120.0,0.0,3597100.0,432387300.0,631.0,121.0,89600.0,120.0,4500.0,357600.0,153600.0
2026-09-07T00:00:00,BBSI,Krom Bank Indonesia Tbk.,4680.0,4680.0,4680.0,4600.0,4670.0,-10.0,3900.0,18207000.0,5.0,4670.0,26300.0,4600.0,100.0,0.0,0.0
2026-09-07T00:00:00,BBSS,Bumi Benowo Sukses Sejahtera Tbk.,101.0,101.0,107.0,98.0,100.0,-1.0,118181700.0,12052070100.0,2068.0,100.0,427900.0,99.0,54500.0,268700.0,270100.0
2026-09-07T00:00:00,BBTN,Bank Tabungan Negara (Persero) Tbk.,1240.0,1230.0,1250.0,1230.0,1235.0,-5.0,8718000.0,10754943500.0,1893.0,1235.0,220800.0,1230.0,145100.0,1928900.0,4654800.0
2026-09-07T00:00:00,BBYB,Bank Neo Commerce Tbk.,270.0,270.0,272.0,264.0,264.0,-6.0,23992000.0,6381295200.0,2212.0,264.0,65600.0,262.0,2549600.0,4403000.0,2779400.0
2026-09-07T00:00:00,BCAP,MNC Kapital Indonesia Tbk.,50.0,50.0,50.0,50.0,50.0,0.0,173300.0,8665000.0,20.0,50.0,49339700.0,0.0,0.0,150000.0,0.0
2026-09-07T00:00:00,BCIC,Bank JTrust Indonesia Tbk.,134.0,139.0,141.0,130.0,135.0,1.0,920300.0,123447800.0,255.0,136.0,2900.0,133.0,3200.0,92000.0,5000.0
2026-09-07T00:00:00,BCIP,Bumi Citra Permai Tbk.,63.0,63.0,63.0,62.0,63.0,0.0,3378700.0,211007200.0,183.0,63.0,1717000.0,62.0,3902000.0,7400.0,3600.0
2026-09-07T00:00:00,BDKR,Berdikari Pondasi Perkasa Tbk.,156.0,156.0,156.0,154.0,155.0,-1.0,6296900.0,974922600.0,630.0,155.0,70300.0,154.0,213600.0,843500.0,726500.0
2026-09-07T00:00:00,BDMN,Bank Danamon Indonesia Tbk.,4460.0,4430.0,4470.0,4370.0,4400.0,-60.0,987600.0,4363120000.0,499.0,4400.0,1100.0,4390.0,88500.0,168800.0,285500.0
2026-09-07T00:00:00,BEBS,Berkah Beton Sadaya Tbk.,5.0,0.0,0.0,0.0,5.0,0.0,0.0,0.0,0.0,0.0,0.0,0.0,0.0,0.0,0.0
2026-09-07T00:00:00,BEEF,Estika Tata Tiara Tbk.,450.0,450.0,452.0,430.0,446.0,-4.0,4687000.0,2079401800.0,793.0,448.0,21700.0,446.0,103600.0,1043400.0,1483600.0
2026-09-07T00:00:00,BEER,Jobubu Jarum Minahasa Tbk.,80.0,80.0,83.0,79.0,82.0,2.0,14297100.0,1158759800.0,1322.0,82.0,985200.0,81.0,161400.0,2428900.0,1519700.0
2026-09-07T00:00:00,BEKS,Bank Pembangunan Daerah Banten Tbk.,24.0,0.0,23.0,23.0,23.0,-1.0,5457900.0,125531700.0,204.0,24.0,12664100.0,23.0,16265600.0,0.0,0.0
2026-09-07T00:00:00,BELI,Global Digital Niaga Tbk.,348.0,348.0,356.0,328.0,340.0,-8.0,894900.0,301407400.0,505.0,340.0,1971600.0,338.0,31900.0,116700.0,239600.0
2026-09-07T00:00:00,BELL,Trisula Textile Industries Tbk.,115.0,115.0,115.0,112.0,113.0,-2.0,13576800.0,1543039000.0,1201.0,114.0,125900.0,113.0,315400.0,1500.0,558000.0
2026-09-07T00:00:00,BESS,Batulicin Nusantara Maritim Tbk.,910.0,0.0,965.0,900.0,910.0,0.0,107700.0,98034000.0,57.0,910.0,2300.0,905.0,100.0,9400.0,300.0
2026-09-07T00:00:00,BEST,Bekasi Fajar Industrial Estate Tbk.,136.0,136.0,139.0,133.0,137.0,1.0,54300200.0,7415222700.0,2213.0,138.0,1435900.0,137.0,74600.0,7748700.0,2093100.0
2026-09-07T00:00:00,BFIN,BFI Finance  Indonesia Tbk.,950.0,950.0,1035.0,925.0,1015.0,65.0,56741600.0,56849245500.0,5979.0,1015.0,1620400.0,1010.0,217900.0,10283400.0,25695600.0
2026-09-07T00:00:00,BGTG,Bank Ganesha Tbk.,124.0,123.0,125.0,121.0,123.0,-1.0,4120000.0,503434200.0,404.0,123.0,90700.0,122.0,700.0,204100.0,210700.0
2026-09-07T00:00:00,BHAT,Bhakti Multi Artha Tbk.,1770.0,0.0,0.0,0.0,1770.0,0.0,0.0,0.0,0.0,0.0,0.0,0.0,0.0,0.0,0.0
2026-09-07T00:00:00,BHIT,MNC Asia Holding Tbk.,25.0,0.0,25.0,25.0,25.0,0.0,9622300.0,240557500.0,192.0,25.0,1620800.0,24.0,5915800.0,0.0,548400.0
2026-09-07T00:00:00,BIKA,Binakarya Jaya Abadi Tbk.,55.0,0.0,0.0,0.0,55.0,0.0,0.0,0.0,0.0,0.0,0.0,0.0,0.0,0.0,0.0
2026-09-07T00:00:00,BIKE,Bhineka Inovasi Ketahanan Energi Tbk.,755.0,0.0,830.0,825.0,830.0,75.0,994000.0,821711000.0,144.0,0.0,0.0,830.0,927700.0,0.0,1000.0
2026-09-07T00:00:00,BIMA,Primarindo Asia Infrastructure Tbk.,82.0,0.0,0.0,0.0,82.0,0.0,0.0,0.0,0.0,0.0,0.0,0.0,0.0,0.0,0.0
2026-09-07T00:00:00,BINA,Bank Ina Perdana Tbk.,4150.0,4160.0,4200.0,4150.0,4180.0,30.0,185500.0,771455000.0,51.0,4180.0,100.0,4150.0,100.0,0.0,6400.0
2026-09-07T00:00:00,BINO,Perma Plasindo Tbk.,120.0,117.0,122.0,117.0,120.0,0.0,281800.0,33648800.0,74.0,121.0,12600.0,120.0,100.0,10700.0,0.0
2026-09-07T00:00:00,BIPI,Astrindo Nusantara Infrastruktur Tbk.,146.0,145.0,148.0,142.0,145.0,-1.0,210300300.0,30675430100.0,8108.0,146.0,6658100.0,145.0,10842700.0,43308700.0,30505600.0
2026-09-07T00:00:00,BIPP,Bhuwanatala Indah Permai Tbk.,69.0,69.0,70.0,66.0,70.0,1.0,11295600.0,770592300.0,679.0,70.0,1449000.0,69.0,376800.0,2286900.0,25000.0
2026-09-07T00:00:00,BIRD,Blue Bird Tbk.,1630.0,1630.0,1640.0,1625.0,1625.0,-5.0,384200.0,627216000.0,319.0,1630.0,100.0,1625.0,46200.0,39100.0,39800.0
2026-09-07T00:00:00,BISI,BISI International Tbk.,740.0,740.0,740.0,730.0,735.0,-5.0,191800.0,140567000.0,124.0,735.0,61600.0,730.0,3300.0,0.0,95000.0
2026-09-07T00:00:00,BJBR,Bank Pembangunan Daerah Jawa Barat dan Banten Tbk.,805.0,805.0,810.0,800.0,805.0,0.0,3818600.0,3070034000.0,718.0,805.0,335200.0,800.0,175500.0,268300.0,1600.0
2026-09-07T00:00:00,BJTM,Bank Pembangunan Daerah Jawa Timur Tbk.,530.0,530.0,530.0,525.0,530.0,0.0,6702200.0,3546069500.0,1111.0,530.0,13100.0,525.0,3943500.0,227200.0,627600.0
2026-09-07T00:00:00,BKDP,Bukit Darmo Property Tbk,160.0,0.0,169.0,162.0,167.0,7.0,4107300.0,687834800.0,394.0,168.0,473100.0,167.0,3922900.0,0.0,0.0
2026-09-07T00:00:00,BKSL,Sentul City Tbk.,76.0,76.0,77.0,74.0,75.0,-1.0,163697400.0,12319998400.0,3542.0,76.0,26677200.0,75.0,729100.0,49771900.0,22161400.0
2026-09-07T00:00:00,BKSW,Bank QNB Indonesia Tbk.,55.0,56.0,56.0,54.0,55.0,0.0,1789200.0,98199300.0,78.0,55.0,1484900.0,54.0,2514000.0,1000.0,262300.0
2026-09-07T00:00:00,BLES,Superior Prima Sukses Tbk.,191.0,191.0,192.0,187.0,187.0,-4.0,17559000.0,3323245500.0,963.0,190.0,85100.0,187.0,340200.0,3117100.0,521600.0
2026-09-07T00:00:00,BLOG,Trimitra Trans Persada Tbk.,382.0,380.0,382.0,376.0,378.0,-4.0,896400.0,339858600.0,179.0,380.0,37300.0,378.0,10000.0,118300.0,0.0
2026-09-07T00:00:00,BLTA,Berlian Laju Tanker Tbk,32.0,0.0,32.0,32.0,32.0,0.0,2462800.0,78809600.0,123.0,33.0,769500.0,32.0,1665100.0,0.0,0.0
2026-09-07T00:00:00,BLTZ,Graha Layar Prima Tbk.,2000.0,0.0,0.0,0.0,2000.0,0.0,0.0,0.0,0.0,2000.0,200.0,1800.0,1500.0,0.0,0.0
2026-09-07T00:00:00,BLUE,Berkah Prima Perkasa Tbk.,3270.0,3260.0,3500.0,3080.0,3160.0,-110.0,799200.0,2560142000.0,599.0,3160.0,12800.0,3150.0,10900.0,35600.0,86600.0
2026-09-07T00:00:00,BMAS,Bank Kasikorn Indonesia Tbk.,505.0,0.0,550.0,498.0,505.0,0.0,312100.0,156937700.0,89.0,505.0,11600.0,500.0,501700.0,1000.0,0.0
2026-09-07T00:00:00,BMBL,Lavender Bina Cendikia Tbk.,28.0,0.0,29.0,27.0,28.0,0.0,11473200.0,320493300.0,355.0,29.0,4991800.0,28.0,4257800.0,0.0,0.0
2026-09-07T00:00:00,BMHS,Bundamedik Tbk.,195.0,198.0,210.0,196.0,202.0,7.0,5716400.0,1141129600.0,880.0,202.0,295600.0,200.0,1000500.0,337900.0,523200.0
2026-09-07T00:00:00,BMRI,Bank Mandiri (Persero) Tbk.,4420.0,4450.0,4450.0,4370.0,4390.0,-30.0,94899700.0,416839195000.0,24561.0,4400.0,179100.0,4390.0,782000.0,39823100.0,52028600.0
2026-09-07T00:00:00,BMSR,Bintang Mitra Semestaraya Tbk,318.0,322.0,322.0,304.0,314.0,-4.0,25700.0,8032800.0,38.0,314.0,1200.0,312.0,36400.0,900.0,0.0
2026-09-07T00:00:00,BMTR,Global Mediacom Tbk.,117.0,116.0,118.0,114.0,117.0,0.0,65383500.0,7546851100.0,3310.0,117.0,801400.0,116.0,2710100.0,20254500.0,28988700.0
2026-09-07T00:00:00,BNBA,Bank Bumi Arta Tbk.,780.0,785.0,795.0,765.0,770.0,-10.0,333400.0,257185000.0,104.0,785.0,4900.0,770.0,83000.0,87300.0,7200.0
2026-09-07T00:00:00,BNBR,Bakrie & Brothers Tbk,100.0,100.0,102.0,99.0,100.0,0.0,722740300.0,72655266300.0,12646.0,101.0,74584800.0,100.0,23266200.0,148304200.0,121424100.0
2026-09-07T00:00:00,BNGA,Bank CIMB Niaga Tbk.,1710.0,1710.0,1730.0,1710.0,1725.0,15.0,2971400.0,5114578500.0,755.0,1725.0,238500.0,1720.0,162400.0,276900.0,74700.0
2026-09-07T00:00:00,BNII,Bank Maybank Indonesia Tbk.,195.0,195.0,195.0,192.0,194.0,-1.0,406900.0,78866100.0,201.0,194.0,41900.0,193.0,9000.0,1100.0,47200.0
2026-09-07T00:00:00,BNLI,Bank Permata Tbk.,2150.0,0.0,2160.0,2130.0,2140.0,-10.0,26200.0,56228000.0,66.0,2140.0,25200.0,2130.0,1700.0,1100.0,0.0
2026-09-07T00:00:00,BOAT,Newport Marine Services Tbk.,139.0,138.0,138.0,134.0,135.0,-4.0,2512400.0,340693100.0,474.0,136.0,110300.0,135.0,500.0,18300.0,26100.0
2026-09-07T00:00:00,BOBA,Formosa Ingredient Factory Tbk.,222.0,226.0,226.0,214.0,218.0,-4.0,668400.0,146413800.0,227.0,222.0,58000.0,218.0,115900.0,5800.0,2400.0
2026-09-07T00:00:00,BOGA,Apollo Global Interactive Tbk.,1615.0,1615.0,1675.0,1610.0,1620.0,5.0,3400.0,5565500.0,10.0,1670.0,300.0,1625.0,100.0,0.0,800.0
2026-09-07T00:00:00,BOLA,Bali Bintang Sejahtera Tbk.,171.0,172.0,199.0,172.0,193.0,22.0,15171300.0,2885441400.0,1106.0,194.0,330600.0,193.0,39300.0,788200.0,1063600.0
2026-09-07T00:00:00,BOLT,Garuda Metalindo Tbk.,810.0,0.0,810.0,800.0,800.0,-10.0,14600.0,11761000.0,13.0,805.0,4700.0,800.0,6700.0,0.0,0.0
2026-09-07T00:00:00,BOSS,Borneo Olah Sarana Sukses Tbk.,50.0,0.0,0.0,0.0,50.0,0.0,0.0,0.0,0.0,0.0,0.0,0.0,0.0,0.0,0.0
2026-09-07T00:00:00,BPFI,Woori Finance Indonesia Tbk.,248.0,248.0,254.0,242.0,250.0,2.0,141400.0,35285800.0,91.0,252.0,60900.0,250.0,700.0,6900.0,25100.0
2026-09-07T00:00:00,BPII,Batavia Prosperindo Internasional Tbk.,470.0,472.0,478.0,472.0,472.0,2.0,1600.0,758400.0,9.0,474.0,23100.0,472.0,100.0,0.0,0.0
2026-09-07T00:00:00,BPTR,Batavia Prosperindo Trans Tbk.,75.0,75.0,75.0,74.0,75.0,0.0,740400.0,54943800.0,98.0,75.0,400100.0,74.0,129900.0,0.0,0.0
2026-09-07T00:00:00,BRAM,Indo Kordsa Tbk.,4670.0,0.0,4670.0,4620.0,4660.0,-10.0,300.0,1395000.0,3.0,4670.0,800.0,4590.0,200.0,0.0,0.0
2026-09-07T00:00:00,BREN,Barito Renewables Energy Tbk.,3360.0,3370.0,3380.0,3310.0,3330.0,-30.0,11867200.0,39652153000.0,5384.0,3340.0,192600.0,3330.0,122300.0,642900.0,7004500.0
2026-09-07T00:00:00,BRIS,Bank Syariah Indonesia (Persero) Tbk.,1790.0,1790.0,1795.0,1770.0,1770.0,-20.0,16452700.0,29230825000.0,7224.0,1775.0,268600.0,1770.0,2151600.0,2596500.0,4424200.0
2026-09-07T00:00:00,BRMS,Bumi Resources Minerals Tbk.,715.0,715.0,725.0,710.0,715.0,0.0,128091500.0,91714947000.0,10536.0,720.0,6672200.0,715.0,3293000.0,20226500.0,24560500.0
2026-09-07T00:00:00,BRNA,Berlina Tbk.,620.0,625.0,655.0,620.0,620.0,0.0,671600.0,423475000.0,229.0,625.0,100.0,620.0,164300.0,5700.0,79500.0
2026-09-07T00:00:00,BRPT,Barito Pacific Tbk.,1790.0,1795.0,1810.0,1765.0,1770.0,-20.0,52507400.0,93749692500.0,12485.0,1775.0,217500.0,1770.0,1293100.0,5390500.0,9604900.0
2026-09-07T00:00:00,BRRC,Raja Roti Cemerlang Tbk.,75.0,75.0,77.0,74.0,74.0,-1.0,13138300.0,980397700.0,768.0,75.0,838300.0,74.0,2998100.0,55500.0,131600.0
2026-09-07T00:00:00,BSBK,Wulandari Bangun Laksana Tbk.,50.0,50.0,50.0,50.0,50.0,0.0,2651100.0,132555000.0,127.0,50.0,19569900.0,0.0,0.0,0.0,0.0
2026-09-07T00:00:00,BSDE,Bumi Serpong Damai Tbk.,670.0,670.0,675.0,650.0,655.0,-15.0,19481900.0,12868811500.0,1989.0,660.0,16000.0,655.0,3253600.0,5546100.0,1326500.0
2026-09-07T00:00:00,BSIM,Bank Sinarmas Tbk.,1185.0,1170.0,1170.0,1100.0,1120.0,-65.0,372600.0,418715500.0,385.0,1120.0,100.0,1110.0,20500.0,49400.0,29100.0
2026-09-07T00:00:00,BSML,Bintang Samudera Mandiri Lines Tbk.,520.0,520.0,535.0,510.0,520.0,0.0,16740600.0,8778370500.0,666.0,520.0,17800.0,515.0,573200.0,1229100.0,976200.0
2026-09-07T00:00:00,BSSR,Baramulti Suksessarana Tbk.,4930.0,4930.0,5025.0,4840.0,4880.0,-50.0,2674800.0,13181681500.0,2723.0,4880.0,14800.0,4870.0,5100.0,426200.0,877800.0
2026-09-07T00:00:00,BSWD,Bank Of India Indonesia Tbk.,1500.0,0.0,0.0,0.0,1500.0,0.0,0.0,0.0,0.0,1495.0,1100.0,0.0,0.0,0.0,0.0
2026-09-07T00:00:00,BTEK,Bumi Teknokultura Unggul Tbk,10.0,0.0,11.0,10.0,10.0,0.0,82692100.0,872342500.0,803.0,11.0,103041800.0,10.0,71257600.0,0.0,0.0
2026-09-07T00:00:00,BTEL,Bakrie Telecom Tbk.,50.0,0.0,0.0,0.0,50.0,0.0,0.0,0.0,0.0,0.0,0.0,0.0,0.0,0.0,0.0
2026-09-07T00:00:00,BTON,Betonjaya Manunggal Tbk.,368.0,370.0,370.0,360.0,362.0,-6.0,14200.0,5157600.0,16.0,362.0,19900.0,360.0,3300.0,1500.0,0.0
2026-09-07T00:00:00,BTPN,Bank SMBC Indonesia Tbk.,2470.0,2410.0,2430.0,2380.0,2410.0,-60.0,20600.0,49570000.0,39.0,2420.0,2000.0,2410.0,9200.0,0.0,800.0
2026-09-07T00:00:00,BTPS,Bank BTPN Syariah Tbk.,1015.0,1030.0,1070.0,1030.0,1060.0,45.0,8804200.0,9310735000.0,2654.0,1065.0,312100.0,1060.0,7100.0,2659300.0,221200.0
2026-09-07T00:00:00,BUAH,Segar Kumala Indonesia Tbk.,505.0,505.0,510.0,498.0,505.0,0.0,225600.0,114065000.0,99.0,505.0,67200.0,500.0,300.0,0.0,0.0
2026-09-07T00:00:00,BUDI,Budi Starch & Sweetener Tbk.,230.0,228.0,244.0,226.0,230.0,0.0,1091400.0,258084800.0,248.0,232.0,78000.0,230.0,1000.0,78200.0,113500.0
2026-09-07T00:00:00,BUKA,Bukalapak.com Tbk.,115.0,115.0,116.0,113.0,113.0,-2.0,60366200.0,6883230200.0,1775.0,114.0,51100.0,113.0,22423800.0,4466000.0,47434900.0
2026-09-07T00:00:00,BUKK,Bukaka Teknik Utama Tbk.,995.0,1030.0,1030.0,990.0,995.0,0.0,58700.0,58611000.0,39.0,1000.0,13800.0,995.0,200.0,0.0,0.0
2026-09-07T00:00:00,BULL,Buana Lintas Lautan Tbk.,436.0,440.0,448.0,432.0,438.0,2.0,329163900.0,145145574800.0,20537.0,438.0,1357100.0,436.0,12671500.0,17475800.0,11056000.0
2026-09-07T00:00:00,BUMI,Bumi Resources Tbk.,210.0,210.0,226.0,210.0,220.0,10.0,5737171600.0,1260017569800.0,87814.0,222.0,59434800.0,220.0,109112500.0,2077838200.0,1246947600.0
2026-09-07T00:00:00,BUVA,Bukit Uluwatu Villa Tbk.,770.0,765.0,775.0,735.0,740.0,-30.0,83193600.0,62543109500.0,10823.0,745.0,337700.0,740.0,1515500.0,5154700.0,6705900.0
2026-09-07T00:00:00,BVIC,Bank Victoria International Tbk.,95.0,95.0,96.0,94.0,94.0,-1.0,733000.0,69557000.0,139.0,95.0,14300.0,94.0,673800.0,1400.0,1400.0
2026-09-07T00:00:00,BWPT,Eagle High Plantations Tbk.,130.0,130.0,131.0,126.0,126.0,-4.0,223036800.0,28602145100.0,8564.0,127.0,612600.0,126.0,2787500.0,29705200.0,28859200.0
2026-09-07T00:00:00,BYAN,Bayan Resources Tbk.,13800.0,13850.0,14000.0,13775.0,13800.0,0.0,358600.0,4989385000.0,590.0,13825.0,200.0,13800.0,6900.0,19600.0,170900.0
2026-09-07T00:00:00,CAKK,Cahayaputra Asa Keramik Tbk.,161.0,161.0,161.0,158.0,159.0,-2.0,91400.0,14478500.0,29.0,160.0,41100.0,159.0,13400.0,0.0,0.0
2026-09-07T00:00:00,CAMP,Campina Ice Cream Industry Tbk.,173.0,173.0,175.0,170.0,172.0,-1.0,768900.0,131807200.0,164.0,173.0,12400.0,172.0,2300.0,1600.0,900.0
2026-09-07T00:00:00,CANI,Capitol Nusantara Indonesia Tbk.,135.0,0.0,0.0,0.0,135.0,0.0,0.0,0.0,0.0,0.0,0.0,0.0,0.0,0.0,0.0
2026-09-07T00:00:00,CARE,Metro Healthcare Indonesia Tbk.,456.0,454.0,498.0,418.0,428.0,-28.0,4385100.0,1945340400.0,2712.0,428.0,35600.0,426.0,400.0,101000.0,2520800.0
2026-09-07T00:00:00,CARS,Industri dan Perdagangan Bintraco Dharma Tbk.,112.0,112.0,115.0,111.0,113.0,1.0,12766000.0,1447386600.0,349.0,114.0,79700.0,113.0,1238800.0,1560400.0,172100.0
2026-09-07T00:00:00,CASA,Capital Financial Indonesia Tbk.,1800.0,0.0,1865.0,1800.0,1800.0,0.0,11000.0,20041500.0,14.0,1845.0,400.0,1800.0,15800.0,0.0,7400.0
2026-09-07T00:00:00,CASH,Cashlez Worldwide Indonesia Tbk.,216.0,0.0,234.0,216.0,230.0,14.0,3503800.0,802669200.0,475.0,232.0,47600.0,230.0,21800.0,0.0,458100.0
2026-09-07T00:00:00,CASS,Cahaya Aero Services Tbk.,1840.0,1845.0,1845.0,1830.0,1835.0,-5.0,499500.0,916796000.0,954.0,1835.0,2000.0,1830.0,53900.0,74000.0,460500.0
2026-09-07T00:00:00,CBDK,Bangun Kosambi Sukses Tbk.,4050.0,4050.0,4110.0,4020.0,4060.0,10.0,1279100.0,5194505000.0,1173.0,4060.0,213300.0,4050.0,52200.0,237600.0,189800.0
2026-09-07T00:00:00,CBMF,Cahaya Bintang Medan Tbk.,50.0,0.0,0.0,0.0,50.0,0.0,0.0,0.0,0.0,0.0,0.0,0.0,0.0,0.0,0.0
2026-09-07T00:00:00,CBPE,Citra Buana Prasida Tbk.,525.0,525.0,535.0,496.0,520.0,-5.0,208700.0,107015600.0,206.0,520.0,8700.0,510.0,2500.0,33400.0,5300.0
2026-09-07T00:00:00,CBRE,Cakra Buana Resources Energi Tbk.,770.0,770.0,780.0,735.0,740.0,-30.0,22089400.0,16550459500.0,4815.0,745.0,41500.0,740.0,1243800.0,236800.0,10611300.0
2026-09-07T00:00:00,CBUT,Citra Borneo Utama Tbk.,900.0,905.0,915.0,895.0,900.0,0.0,143500.0,129263000.0,144.0,905.0,8400.0,895.0,6200.0,0.0,1200.0
2026-09-07T00:00:00,CCSI,Communication Cable Systems Indonesia Tbk.,282.0,282.0,300.0,272.0,290.0,8.0,523600.0,147631600.0,195.0,290.0,20700.0,286.0,3700.0,20100.0,0.0
2026-09-07T00:00:00,CDIA,Chandra Daya Investasi Tbk.,710.0,720.0,750.0,705.0,710.0,0.0,127244300.0,92243367500.0,14997.0,715.0,517300.0,710.0,3751200.0,14222900.0,48006100.0
2026-09-07T00:00:00,CEKA,Wilmar Cahaya Indonesia Tbk.,2190.0,2180.0,2210.0,2180.0,2190.0,0.0,12000.0,26366000.0,34.0,2200.0,7100.0,2190.0,100.0,0.0,0.0
2026-09-07T00:00:00,CENT,Centratama Telekomunikasi Indonesia Tbk.,99.0,99.0,106.0,97.0,101.0,2.0,25101600.0,2569159900.0,2115.0,101.0,303900.0,100.0,175200.0,1025000.0,5449100.0
2026-09-07T00:00:00,CFIN,Clipan Finance Indonesia Tbk.,368.0,368.0,374.0,364.0,374.0,6.0,11195100.0,4160917400.0,617.0,376.0,408300.0,374.0,206300.0,341600.0,3500.0
2026-09-07T00:00:00,CGAS,Citra Nusantara Gemilang Tbk.,153.0,153.0,155.0,152.0,153.0,0.0,7733900.0,1183445900.0,837.0,153.0,209700.0,152.0,128800.0,69700.0,78200.0
2026-09-07T00:00:00,CHEK,Diastika Biotekindo Tbk.,134.0,141.0,161.0,137.0,138.0,4.0,32139000.0,4738606300.0,5042.0,139.0,22200.0,138.0,268500.0,2313200.0,3065800.0
2026-09-07T00:00:00,CHEM,Chemstar Indonesia Tbk.,70.0,71.0,75.0,70.0,73.0,3.0,43434900.0,3167400400.0,2703.0,74.0,1500700.0,73.0,113400.0,124800.0,131400.0
2026-09-07T00:00:00,CHIP,Pelita Teknologi Global Tbk.,825.0,0.0,855.0,810.0,830.0,5.0,120000.0,99143500.0,271.0,830.0,26000.0,825.0,900.0,0.0,0.0
2026-09-07T00:00:00,CINT,Chitose Internasional Tbk.,187.0,186.0,190.0,185.0,186.0,-1.0,346800.0,64644500.0,215.0,188.0,9000.0,186.0,12100.0,0.0,0.0
2026-09-07T00:00:00,CITA,Cita Mineral Investindo Tbk.,3430.0,3430.0,3550.0,3390.0,3550.0,120.0,169900.0,591651000.0,267.0,3550.0,12400.0,3510.0,400.0,5900.0,1100.0
2026-09-07T00:00:00,CITY,Natura City Developments Tbk.,181.0,181.0,189.0,181.0,186.0,5.0,2811700.0,518174200.0,853.0,186.0,45300.0,184.0,23800.0,0.0,19100.0
2026-09-07T00:00:00,CLAY,Citra Putra Realty Tbk.,2710.0,0.0,2780.0,2710.0,2730.0,20.0,17100.0,47028000.0,18.0,2730.0,2800.0,2650.0,300.0,0.0,400.0
2026-09-07T00:00:00,CLEO,Sariguna Primatirta Tbk.,426.0,430.0,440.0,424.0,426.0,0.0,23090800.0,9957211000.0,2133.0,426.0,68000.0,424.0,96400.0,1070500.0,3931900.0
2026-09-07T00:00:00,CLPI,Colorpak Indonesia Tbk.,1620.0,0.0,1640.0,1610.0,1630.0,10.0,63200.0,102814500.0,121.0,1635.0,1000.0,1630.0,23400.0,0.0,4800.0
2026-09-07T00:00:00,CMNP,Citra Marga Nusaphala Persada Tbk.,1425.0,0.0,1500.0,1425.0,1450.0,25.0,137000.0,197348000.0,193.0,1435.0,100.0,1430.0,100.0,100.0,10800.0
2026-09-07T00:00:00,CMNT,Cemindo Gemilang Tbk.,730.0,735.0,765.0,730.0,740.0,10.0,34977400.0,26067491000.0,777.0,740.0,1500.0,735.0,118800.0,2936600.0,21356200.0
2026-09-07T00:00:00,CMPP,AirAsia Indonesia Tbk.,69.0,0.0,0.0,0.0,69.0,0.0,0.0,0.0,0.0,0.0,0.0,0.0,0.0,0.0,0.0
2026-09-07T00:00:00,CMRY,Cisarua Mountain Dairy Tbk.,4570.0,4580.0,4620.0,4550.0,4590.0,20.0,2749300.0,12586036000.0,2374.0,4590.0,14200.0,4580.0,1400.0,1441000.0,1551000.0
2026-09-07T00:00:00,CNKO,Exploitasi Energi Indonesia Tbk.,37.0,0.0,0.0,0.0,37.0,0.0,0.0,0.0,0.0,0.0,0.0,0.0,0.0,0.0,0.0
2026-09-07T00:00:00,CNMA,Nusantara Sejahtera Raya Tbk.,92.0,93.0,93.0,92.0,93.0,1.0,24549200.0,2271040300.0,874.0,93.0,4146200.0,92.0,4304800.0,5440900.0,5591900.0
2026-09-07T00:00:00,COAL,Black Diamond Resources Tbk.,31.0,0.0,0.0,0.0,31.0,0.0,0.0,0.0,0.0,0.0,0.0,0.0,0.0,0.0,0.0
2026-09-07T00:00:00,COCO,Wahana Interfood Nusantara Tbk.,132.0,134.0,136.0,127.0,132.0,0.0,607086600.0,80153044700.0,23040.0,133.0,3856200.0,132.0,904900.0,88733300.0,43824400.0
2026-09-07T00:00:00,COIN,Indokripto Koin Semesta Tbk.,845.0,850.0,935.0,845.0,880.0,35.0,148389700.0,132074442000.0,17396.0,880.0,106300.0,875.0,519900.0,30684500.0,12661700.0
2026-09-07T00:00:00,COWL,Cowell Development Tbk.,50.0,0.0,0.0,0.0,50.0,0.0,0.0,0.0,0.0,0.0,0.0,0.0,0.0,0.0,0.0
2026-09-07T00:00:00,CPIN,Charoen Pokphand Indonesia Tbk,3210.0,3210.0,3250.0,3190.0,3210.0,0.0,27302900.0,87912130000.0,7411.0,3220.0,41800.0,3210.0,310700.0,7667100.0,19827400.0
2026-09-07T00:00:00,CPRI,Capri Nusa Satu Properti Tbk.,50.0,0.0,0.0,0.0,50.0,0.0,0.0,0.0,0.0,0.0,0.0,0.0,0.0,0.0,0.0
2026-09-07T00:00:00,CPRO,Central Proteina Prima Tbk.,50.0,50.0,50.0,50.0,50.0,0.0,1677900.0,83895000.0,215.0,50.0,143752700.0,0.0,0.0,0.0,0.0
2026-09-07T00:00:00,CRAB,Toba Surimi Industries Tbk.,222.0,220.0,226.0,214.0,220.0,-2.0,824400.0,179948200.0,251.0,220.0,162900.0,216.0,100.0,55900.0,0.0
2026-09-07T00:00:00,CRSN,Carsurin Tbk.,136.0,136.0,139.0,136.0,139.0,3.0,498500.0,68549900.0,117.0,139.0,56100.0,137.0,260400.0,29800.0,0.0
2026-09-07T00:00:00,CSAP,Catur Sentosa Adiprana Tbk.,292.0,298.0,300.0,290.0,298.0,6.0,36900.0,10949800.0,61.0,300.0,2100.0,298.0,700.0,2600.0,1000.0
2026-09-07T00:00:00,CSIS,Cahayasakti Investindo Sukses Tbk.,212.0,214.0,214.0,202.0,210.0,-2.0,895200.0,186952400.0,241.0,212.0,118800.0,210.0,59800.0,6600.0,10400.0
2026-09-07T00:00:00,CSMI,Cipta Selera Murni Tbk.,183.0,0.0,0.0,0.0,183.0,0.0,0.0,0.0,0.0,0.0,0.0,0.0,0.0,0.0,0.0
2026-09-07T00:00:00,CSRA,Cisadane Sawit Raya Tbk.,775.0,775.0,795.0,750.0,765.0,-10.0,485200.0,374691500.0,216.0,770.0,100.0,765.0,37300.0,2700.0,700.0
2026-09-07T00:00:00,CTBN,Citra Tubindo Tbk.,3090.0,0.0,3150.0,3080.0,3080.0,-10.0,69100.0,213579000.0,125.0,3130.0,100.0,3080.0,44600.0,0.0,60800.0
2026-09-07T00:00:00,CTRA,Ciputra Development Tbk.,635.0,635.0,640.0,630.0,635.0,0.0,5054400.0,3200776500.0,1078.0,635.0,186500.0,630.0,923800.0,1032800.0,428600.0
2026-09-07T00:00:00,CTTH,Citatah Tbk.,130.0,130.0,131.0,127.0,130.0,0.0,6475700.0,833342900.0,1045.0,131.0,231200.0,130.0,35900.0,706500.0,170700.0
2026-09-07T00:00:00,CUAN,Petrindo Jaya Kreasi Tbk.,940.0,945.0,965.0,920.0,935.0,-5.0,406473700.0,383267132500.0,37134.0,940.0,2312200.0,935.0,4750700.0,36473400.0,130077700.0
2026-09-07T00:00:00,CYBR,ITSEC Asia Tbk.,535.0,535.0,540.0,515.0,520.0,-15.0,17450200.0,9282317500.0,1303.0,520.0,364300.0,515.0,431500.0,2543800.0,3072100.0
2026-09-07T00:00:00,DAAZ,Daaz Bara Lestari Tbk.,1670.0,1670.0,1680.0,1645.0,1680.0,10.0,373500.0,620908500.0,231.0,1680.0,17800.0,1670.0,2000.0,0.0,16700.0
2026-09-07T00:00:00,DADA,Diamond Citra Propertindo Tbk.,50.0,50.0,50.0,50.0,50.0,0.0,540000.0,27000000.0,200.0,50.0,287798500.0,0.0,0.0,0.0,0.0
2026-09-07T00:00:00,DART,Duta Anggada Realty Tbk.,162.0,162.0,163.0,158.0,161.0,-1.0,360800.0,57714600.0,151.0,162.0,14900.0,161.0,30500.0,25500.0,0.0
2026-09-07T00:00:00,DATA,Remala Abadi Tbk.,1940.0,1955.0,1965.0,1865.0,1875.0,-65.0,5030200.0,9633098500.0,2558.0,1880.0,400.0,1875.0,71300.0,226000.0,1245900.0
2026-09-07T00:00:00,DAYA,Duta Intidaya Tbk.,1115.0,1090.0,1115.0,1045.0,1115.0,0.0,2700.0,2932000.0,16.0,1110.0,400.0,1060.0,400.0,700.0,0.0
2026-09-07T00:00:00,DCII,DCI Indonesia Tbk.,201200.0,0.0,201275.0,201000.0,201000.0,-200.0,900.0,181070000.0,8.0,201000.0,100.0,200100.0,100.0,200.0,200.0
2026-09-07T00:00:00,DEAL,Dewata Freightinternational Tbk.,6.0,0.0,0.0,0.0,6.0,0.0,0.0,0.0,0.0,0.0,0.0,0.0,0.0,0.0,0.0
2026-09-07T00:00:00,DEFI,Danasupra Erapacific Tbk.,107.0,106.0,107.0,105.0,107.0,0.0,6856700.0,727089300.0,675.0,107.0,1061000.0,106.0,74900.0,332600.0,40700.0
2026-09-07T00:00:00,DEPO,Caturkarda Depo Bangunan Tbk.,254.0,260.0,276.0,252.0,254.0,0.0,1206600.0,314039400.0,758.0,256.0,2900.0,252.0,72800.0,68700.0,78900.0
2026-09-07T00:00:00,DEWA,Darma Henwa Tbk,444.0,444.0,458.0,442.0,448.0,4.0,505584500.0,228417221600.0,18775.0,450.0,17189100.0,448.0,1335300.0,89966000.0,60724900.0
2026-09-07T00:00:00,DEWI,Dewi Shri Farmindo Tbk.,157.0,157.0,157.0,154.0,154.0,-3.0,28056800.0,4357575700.0,2851.0,155.0,76000.0,154.0,3602200.0,649500.0,3151000.0
2026-09-07T00:00:00,DFAM,Dafam Property Indonesia Tbk.,83.0,83.0,85.0,81.0,83.0,0.0,11198300.0,934721500.0,2639.0,84.0,852900.0,83.0,212900.0,5100.0,80300.0
2026-09-07T00:00:00,DGIK,Nusa Konstruksi Enjiniring Tbk.,143.0,143.0,145.0,141.0,143.0,0.0,10205000.0,1448932400.0,949.0,143.0,72600.0,142.0,67300.0,46300.0,108300.0
2026-09-07T00:00:00,DGNS,Diagnos Laboratorium Utama Tbk.,264.0,270.0,300.0,262.0,280.0,16.0,5440300.0,1527730600.0,779.0,280.0,28900.0,276.0,43700.0,232000.0,281200.0
2026-09-07T00:00:00,DGWG,Delta Giri Wacana Tbk.,348.0,348.0,350.0,344.0,346.0,-2.0,10060900.0,3478914200.0,1405.0,346.0,437400.0,344.0,512100.0,439800.0,486900.0
2026-09-07T00:00:00,DIGI,Arkadia Digital Media Tbk.,29.0,0.0,0.0,0.0,29.0,0.0,0.0,0.0,0.0,0.0,0.0,0.0,0.0,0.0,0.0
2026-09-07T00:00:00,DILD,Intiland Development Tbk.,121.0,121.0,122.0,120.0,121.0,0.0,15393200.0,1862167000.0,766.0,122.0,1036300.0,121.0,190800.0,3133200.0,1745600.0
2026-09-07T00:00:00,DIVA,Distribusi Voucher Nusantara Tbk.,137.0,139.0,139.0,136.0,136.0,-1.0,862700.0,118052800.0,233.0,137.0,27500.0,136.0,19000.0,62800.0,20400.0
2026-09-07T00:00:00,DKFT,Central Omega Resources Tbk.,710.0,710.0,720.0,710.0,715.0,5.0,5253500.0,3743804000.0,1428.0,715.0,144000.0,710.0,948800.0,536200.0,633100.0
2026-09-07T00:00:00,DKHH,Cipta Sarana Medika Tbk.,68.0,74.0,84.0,72.0,78.0,10.0,485165600.0,38735866400.0,27511.0,79.0,595900.0,78.0,12257100.0,838200.0,2001900.0
2026-09-07T00:00:00,DLTA,Delta Djakarta Tbk.,1800.0,1805.0,1805.0,1790.0,1790.0,-10.0,28700.0,51576500.0,63.0,1800.0,13400.0,1795.0,100.0,0.0,0.0
2026-09-07T00:00:00,DMAS,Puradelta Lestari Tbk.,196.0,197.0,214.0,196.0,202.0,6.0,819761500.0,167644725600.0,28050.0,204.0,909800.0,202.0,24256600.0,312367400.0,178608800.0
2026-09-07T00:00:00,DMMX,Digital Mediatama Maxima Tbk.,192.0,192.0,192.0,188.0,190.0,-2.0,864100.0,164181500.0,307.0,191.0,7000.0,190.0,32900.0,21700.0,95800.0
2026-09-07T00:00:00,DMND,Diamond Food Indonesia Tbk.,615.0,615.0,620.0,605.0,615.0,0.0,55300.0,33945500.0,49.0,625.0,11100.0,615.0,27000.0,500.0,0.0
2026-09-07T00:00:00,DNAR,Bank Oke Indonesia Tbk.,137.0,137.0,140.0,137.0,138.0,1.0,1554400.0,214479400.0,196.0,139.0,380900.0,138.0,21900.0,2200.0,2400.0
2026-09-07T00:00:00,DNET,Indoritel Makmur Internasional Tbk.,9950.0,0.0,10000.0,9900.0,10000.0,50.0,1000.0,9980000.0,3.0,9975.0,200.0,9875.0,100.0,0.0,0.0
2026-09-07T00:00:00,DOID,BUMA Internasional Grup Tbk.,236.0,240.0,262.0,238.0,258.0,22.0,17077800.0,4332846200.0,2080.0,260.0,927300.0,258.0,595400.0,3338900.0,2455800.0
2026-09-07T00:00:00,DOOH,Era Media Sejahtera Tbk.,326.0,0.0,0.0,0.0,326.0,0.0,0.0,0.0,0.0,0.0,0.0,0.0,0.0,0.0,0.0
2026-09-07T00:00:00,DOSS,Global Sukses Digital Tbk.,171.0,0.0,177.0,170.0,171.0,0.0,1758100.0,302589000.0,199.0,171.0,169300.0,170.0,35000.0,109900.0,59400.0
2026-09-07T00:00:00,DPNS,Duta Pertiwi Nusantara Tbk.,310.0,0.0,0.0,0.0,310.0,0.0,0.0,0.0,0.0,0.0,0.0,0.0,0.0,0.0,0.0
2026-09-07T00:00:00,DPUM,Dua Putra Utama Makmur Tbk.,100.0,100.0,113.0,98.0,107.0,7.0,141909100.0,15372046800.0,12278.0,108.0,258100.0,107.0,118800.0,9461800.0,13278200.0
2026-09-07T00:00:00,DRMA,Dharma Polimetal Tbk.,1010.0,1010.0,1015.0,1000.0,1005.0,-5.0,352400.0,354798000.0,217.0,1010.0,45500.0,1005.0,400.0,114700.0,6500.0
2026-09-07T00:00:00,DSFI,Dharma Samudera Fishing Industries Tbk.,88.0,88.0,90.0,86.0,87.0,-1.0,5390900.0,473000900.0,463.0,88.0,166800.0,87.0,822900.0,11700.0,11700.0
2026-09-07T00:00:00,DSNG,Dharma Satya Nusantara Tbk.,1640.0,1750.0,1750.0,1640.0,1660.0,20.0,4462100.0,7600153500.0,1098.0,1665.0,16100.0,1660.0,4900.0,387700.0,1195100.0
2026-09-07T00:00:00,DSSA,Dian Swastatika Sentosa Tbk,1180.0,1180.0,1195.0,1155.0,1155.0,-25.0,186181100.0,218061072000.0,26965.0,1160.0,1546400.0,1155.0,352500.0,8134000.0,36624100.0
2026-09-07T00:00:00,DUCK,Jaya Bersama Indo Tbk.,176.0,0.0,0.0,0.0,176.0,0.0,0.0,0.0,0.0,0.0,0.0,0.0,0.0,0.0,0.0
2026-09-07T00:00:00,DUTI,Duta Pertiwi Tbk,4800.0,0.0,4800.0,4790.0,4800.0,0.0,400.0,1919000.0,2.0,4800.0,1900.0,4790.0,100.0,0.0,0.0
2026-09-07T00:00:00,DVLA,Darya-Varia Laboratoria Tbk.,1600.0,1595.0,1600.0,1585.0,1595.0,-5.0,91600.0,146082500.0,71.0,1595.0,10500.0,1590.0,3000.0,300.0,58600.0
2026-09-07T00:00:00,DWGL,Dwi Guna Laksana Tbk.,248.0,252.0,254.0,240.0,248.0,0.0,6090400.0,1507390600.0,1131.0,248.0,69400.0,246.0,184000.0,64400.0,583900.0
2026-09-07T00:00:00,DYAN,Dyandra Media International Tbk.,89.0,88.0,91.0,88.0,89.0,0.0,3938600.0,350772000.0,1607.0,90.0,639200.0,89.0,34600.0,21300.0,24800.0
2026-09-07T00:00:00,EAST,Eastparc Hotel Tbk.,90.0,90.0,90.0,89.0,90.0,0.0,1243300.0,111425200.0,263.0,90.0,944900.0,89.0,2958200.0,0.0,395800.0
2026-09-07T00:00:00,ECII,Electronic City Indonesia Tbk.,176.0,176.0,181.0,168.0,176.0,0.0,4623900.0,813929800.0,653.0,176.0,4700.0,175.0,99800.0,220000.0,434300.0
2026-09-07T00:00:00,EDGE,Indointernet Tbk.,4790.0,0.0,0.0,0.0,4790.0,0.0,0.0,0.0,0.0,0.0,0.0,0.0,0.0,0.0,0.0
2026-09-07T00:00:00,EKAD,Ekadharma International Tbk.,374.0,374.0,458.0,348.0,450.0,76.0,99149300.0,42616594800.0,16611.0,452.0,86700.0,450.0,3439500.0,3572400.0,1957400.0
2026-09-07T00:00:00,ELIT,Data Sinergitama Jaya Tbk.,280.0,280.0,304.0,270.0,278.0,-2.0,64844900.0,18737924400.0,7153.0,280.0,147400.0,278.0,4500.0,3595200.0,9229900.0
2026-09-07T00:00:00,ELPI,Pelayaran Nasional Ekalya Purnamasari Tbk.,670.0,670.0,675.0,650.0,655.0,-15.0,889000.0,585079500.0,324.0,660.0,44300.0,655.0,16800.0,119200.0,122400.0
2026-09-07T00:00:00,ELSA,Elnusa Tbk.,730.0,735.0,745.0,700.0,725.0,-5.0,21709000.0,15712747000.0,3905.0,730.0,203100.0,725.0,28600.0,6231300.0,6064400.0
2026-09-07T00:00:00,ELTY,Bakrieland Development Tbk.,37.0,0.0,37.0,37.0,37.0,0.0,58438200.0,2162213400.0,1497.0,38.0,12147200.0,37.0,2993300.0,0.0,0.0
2026-09-07T00:00:00,EMAS,Merdeka Gold Resources Tbk.,8675.0,8675.0,8700.0,8375.0,8425.0,-250.0,12694600.0,107706107500.0,6422.0,8450.0,40100.0,8425.0,355200.0,4231500.0,5166300.0
2026-09-07T00:00:00,EMDE,Megapolitan Developments Tbk.,79.0,80.0,80.0,78.0,79.0,0.0,3715800.0,292520700.0,328.0,79.0,53900.0,78.0,786900.0,900500.0,94600.0
2026-09-07T00:00:00,EMMI,Esa Medika Mandiri Tbk.,332.0,332.0,354.0,330.0,354.0,22.0,5438300.0,1886679600.0,1875.0,354.0,36200.0,352.0,55400.0,145000.0,451300.0
2026-09-07T00:00:00,EMTK,Elang Mahkota Teknologi Tbk.,515.0,500.0,515.0,500.0,510.0,-5.0,43367600.0,22029025500.0,3114.0,515.0,1664000.0,510.0,379000.0,6388200.0,11804800.0
2026-09-07T00:00:00,ENAK,Champ Resto Indonesia Tbk.,236.0,236.0,238.0,232.0,234.0,-2.0,274000.0,64062800.0,141.0,236.0,27200.0,234.0,2700.0,0.0,0.0
2026-09-07T00:00:00,ENRG,Energi Mega Persada Tbk.,1340.0,1345.0,1390.0,1345.0,1365.0,25.0,51855500.0,70875653500.0,7360.0,1365.0,1053700.0,1360.0,610900.0,20510700.0,10235500.0
2026-09-07T00:00:00,ENVY,Envy Technologies Indonesia Tbk.,50.0,0.0,0.0,0.0,50.0,0.0,0.0,0.0,0.0,0.0,0.0,0.0,0.0,0.0,0.0
2026-09-07T00:00:00,ENZO,Morenzo Abadi Perkasa Tbk.,75.0,75.0,75.0,73.0,75.0,0.0,8947600.0,661062900.0,910.0,75.0,2407200.0,73.0,2824200.0,1289000.0,3300.0
2026-09-07T00:00:00,EPAC,Megalestari Epack Sentosaraya Tbk.,55.0,55.0,58.0,54.0,55.0,0.0,48532400.0,2714335300.0,5427.0,56.0,699500.0,55.0,6831800.0,1653200.0,3944200.0
2026-09-07T00:00:00,EPMT,Enseval Putera Megatrading Tbk.,2400.0,0.0,2410.0,2360.0,2400.0,0.0,17900.0,42681000.0,40.0,2410.0,2700.0,2380.0,500.0,12700.0,0.0
2026-09-07T00:00:00,ERAA,Erajaya Swasembada Tbk.,590.0,595.0,600.0,560.0,575.0,-15.0,168359800.0,96404100000.0,11475.0,580.0,700500.0,575.0,7800100.0,72846100.0,45110600.0
2026-09-07T00:00:00,ERAL,Sinar Eka Selaras Tbk.,326.0,330.0,332.0,316.0,320.0,-6.0,8905700.0,2859356400.0,972.0,322.0,15800.0,320.0,36000.0,445300.0,241700.0
2026-09-07T00:00:00,ERTX,Eratex Djaja Tbk.,185.0,187.0,190.0,182.0,182.0,-3.0,781800.0,143200500.0,215.0,183.0,73200.0,182.0,1100.0,800.0,800.0
2026-09-07T00:00:00,ESIP,Sinergi Inti Plastindo Tbk.,120.0,120.0,121.0,118.0,119.0,-1.0,5260400.0,628390500.0,628.0,119.0,178100.0,118.0,761700.0,53800.0,329100.0
2026-09-07T00:00:00,ESSA,ESSA Industries Indonesia Tbk.,705.0,705.0,705.0,685.0,685.0,-20.0,49156800.0,33970775000.0,5919.0,690.0,346900.0,685.0,1731400.0,11462800.0,16237800.0
2026-09-07T00:00:00,ESTA,Esta Multi Usaha Tbk.,178.0,178.0,178.0,162.0,173.0,-5.0,2228600.0,378561000.0,462.0,173.0,2600.0,172.0,100.0,69400.0,0.0
2026-09-07T00:00:00,ESTI,Ever Shine Tex Tbk.,165.0,165.0,165.0,161.0,162.0,-3.0,2056800.0,334234900.0,442.0,163.0,16500.0,162.0,353400.0,371500.0,61600.0
2026-09-07T00:00:00,ETWA,Eterindo Wahanatama Tbk,70.0,0.0,0.0,0.0,70.0,0.0,0.0,0.0,0.0,0.0,0.0,0.0,0.0,0.0,0.0
2026-09-07T00:00:00,EURO,Estee Gold Feet Tbk.,1550.0,0.0,1705.0,1470.0,1470.0,-80.0,513200.0,807218000.0,527.0,1510.0,100.0,1460.0,800.0,80700.0,133700.0
2026-09-07T00:00:00,EXCL,XLSMART Telecom Sejahtera Tbk.,2710.0,2720.0,2750.0,2700.0,2710.0,0.0,1682300.0,4585498000.0,1014.0,2720.0,500.0,2710.0,165600.0,310500.0,321600.0
2026-09-07T00:00:00,FAPA,FAP Agri Tbk.,7475.0,0.0,7500.0,7475.0,7500.0,25.0,700.0,5235000.0,4.0,7500.0,1200.0,7475.0,400.0,600.0,300.0
2026-09-07T00:00:00,FAST,Fast Food Indonesia Tbk.,458.0,458.0,472.0,446.0,460.0,2.0,10677300.0,4895423600.0,1918.0,462.0,2300.0,460.0,39000.0,1672000.0,1301100.0
2026-09-07T00:00:00,FASW,Fajar Surya Wisesa Tbk.,5275.0,0.0,0.0,0.0,5275.0,0.0,0.0,0.0,0.0,0.0,0.0,0.0,0.0,0.0,0.0
2026-09-07T00:00:00,FILM,MD Entertainment Tbk.,940.0,955.0,960.0,875.0,900.0,-40.0,57159800.0,51920153000.0,13693.0,900.0,419600.0,895.0,222000.0,3286600.0,25934500.0
2026-09-07T00:00:00,FIMP,Fimperkasa Utama Tbk.,69.0,0.0,0.0,0.0,69.0,0.0,0.0,0.0,0.0,0.0,0.0,0.0,0.0,0.0,0.0
2026-09-07T00:00:00,FIRE,Alfa Energi Investama Tbk.,124.0,124.0,129.0,121.0,122.0,-2.0,24514600.0,3033031100.0,2986.0,123.0,9000.0,122.0,5100.0,1178000.0,2026900.0
2026-09-07T00:00:00,FISH,FKS Multi Agro Tbk.,615.0,610.0,620.0,605.0,615.0,0.0,29800.0,18179500.0,56.0,615.0,1700.0,605.0,19300.0,0.0,2600.0
2026-09-07T00:00:00,FITT,Fortune Resources Investment Tbk.,418.0,424.0,470.0,416.0,440.0,22.0,2746800.0,1238937400.0,2395.0,440.0,5000.0,434.0,1600.0,145800.0,279700.0
2026-09-07T00:00:00,FLMC,Falmaco Nonwoven Industri Tbk.,108.0,0.0,118.0,108.0,115.0,7.0,17714100.0,2032529000.0,1172.0,118.0,8900.0,115.0,910700.0,0.0,0.0
2026-09-07T00:00:00,FMII,Fortune Mate Indonesia Tbk,256.0,256.0,256.0,246.0,254.0,-2.0,17800.0,4500600.0,18.0,256.0,204100.0,250.0,500.0,0.0,8400.0
2026-09-07T00:00:00,FOLK,Multi Garam Utama Tbk.,187.0,191.0,230.0,191.0,220.0,33.0,56836100.0,12030717900.0,6650.0,220.0,3100.0,218.0,396200.0,8664700.0,5492100.0
2026-09-07T00:00:00,FOOD,Sentra Food Indonesia Tbk.,176.0,0.0,0.0,0.0,176.0,0.0,0.0,0.0,0.0,0.0,0.0,0.0,0.0,0.0,0.0
2026-09-07T00:00:00,FORE,Fore Kopi Indonesia Tbk.,820.0,810.0,815.0,805.0,805.0,-15.0,2617200.0,2116980500.0,1159.0,810.0,126900.0,805.0,857600.0,53500.0,1275200.0
2026-09-07T00:00:00,FORU,Fortune Indonesia Tbk,3430.0,3650.0,4200.0,3480.0,3950.0,520.0,7143200.0,27660240000.0,5753.0,3950.0,312400.0,3940.0,1000.0,721200.0,809800.0
2026-09-07T00:00:00,FPNI,Lotte Chemical Titan Tbk.,615.0,615.0,685.0,605.0,660.0,45.0,22971000.0,14997359000.0,4196.0,665.0,210100.0,660.0,1054900.0,6027300.0,733300.0
2026-09-07T00:00:00,FUJI,Fuji Finance Indonesia Tbk.,244.0,244.0,246.0,238.0,246.0,2.0,837600.0,203383600.0,191.0,246.0,23600.0,244.0,76600.0,19900.0,14000.0
2026-09-07T00:00:00,FUTR,Futura Energi Global Tbk.,318.0,318.0,328.0,314.0,314.0,-4.0,29445000.0,9418122600.0,2598.0,316.0,281100.0,314.0,1766400.0,3309900.0,2722600.0
2026-09-07T00:00:00,FWCT,Wijaya Cahaya Timber Tbk.,90.0,90.0,91.0,90.0,90.0,0.0,909300.0,81941200.0,191.0,90.0,75900.0,89.0,544000.0,1500.0,1600.0
2026-09-07T00:00:00,GAMA,Aksara Global Development Tbk.,18.0,0.0,0.0,0.0,18.0,0.0,0.0,0.0,0.0,0.0,0.0,0.0,0.0,0.0,0.0
2026-09-07T00:00:00,GDST,Gunawan Dianjaya Steel Tbk.,113.0,113.0,114.0,112.0,114.0,1.0,2018100.0,227411600.0,267.0,114.0,326000.0,113.0,100.0,71700.0,132500.0
2026-09-07T00:00:00,GDYR,Goodyear Indonesia Tbk.,1110.0,1115.0,1130.0,1110.0,1130.0,20.0,39800.0,44588500.0,39.0,1130.0,800.0,1120.0,3900.0,0.0,4100.0
2026-09-07T00:00:00,GEMA,Gema Grahasarana Tbk.,92.0,93.0,94.0,89.0,93.0,1.0,3044200.0,279578600.0,354.0,93.0,89000.0,92.0,408400.0,9700.0,9700.0
2026-09-07T00:00:00,GEMS,Golden Energy Mines Tbk.,7450.0,7450.0,7800.0,7350.0,7700.0,250.0,277900.0,2118327500.0,466.0,7700.0,12600.0,7650.0,5700.0,19900.0,2500.0
2026-09-07T00:00:00,GGRM,Gudang Garam Tbk.,20075.0,20075.0,20250.0,20050.0,20100.0,25.0,492000.0,9904917500.0,946.0,20125.0,1500.0,20100.0,12200.0,142300.0,145700.0
2026-09-07T00:00:00,GGRP,Gunung Raja Paksi Tbk.,322.0,0.0,324.0,308.0,308.0,-14.0,1373900.0,432838200.0,301.0,318.0,34200.0,308.0,86500.0,40600.0,4500.0
2026-09-07T00:00:00,GHON,Gihon Telekomunikasi Indonesia Tbk.,1640.0,0.0,1650.0,1640.0,1650.0,10.0,8500.0,13996500.0,32.0,1655.0,19000.0,1640.0,64300.0,0.0,0.0
2026-09-07T00:00:00,GIAA,Garuda Indonesia (Persero) Tbk.,67.0,66.0,67.0,65.0,66.0,-1.0,81664200.0,5398105500.0,3078.0,67.0,11216800.0,66.0,505600.0,15971000.0,5384400.0
2026-09-07T00:00:00,GJTL,Gajah Tunggal Tbk.,1390.0,1390.0,1395.0,1375.0,1375.0,-15.0,3852700.0,5331774500.0,735.0,1380.0,500.0,1375.0,492200.0,475800.0,2105000.0
2026-09-07T00:00:00,GLOB,Globe Kita Terang Tbk.,155.0,0.0,0.0,0.0,155.0,0.0,0.0,0.0,0.0,0.0,0.0,0.0,0.0,0.0,0.0
2026-09-07T00:00:00,GLVA,Galva Technologies Tbk.,322.0,322.0,330.0,322.0,324.0,2.0,7300.0,2358600.0,11.0,324.0,2400.0,322.0,14200.0,0.0,0.0
2026-09-07T00:00:00,GMFI,Garuda Maintenance Facility Aero Asia Tbk.,60.0,59.0,60.0,58.0,58.0,-2.0,44408300.0,2595172100.0,1985.0,59.0,11473300.0,58.0,21668400.0,5340000.0,8711400.0
2026-09-07T00:00:00,GMTD,Gowa Makassar Tourism Development Tbk.,1445.0,1445.0,1480.0,1380.0,1400.0,-45.0,83400.0,117643500.0,255.0,1400.0,54700.0,1390.0,200.0,0.0,0.0
2026-09-07T00:00:00,GOLD,Visi Telekomunikasi Infrastruktur Tbk.,278.0,278.0,282.0,278.0,278.0,0.0,65200.0,18195400.0,45.0,280.0,727200.0,278.0,20400.0,11700.0,100.0
2026-09-07T00:00:00,GOLF,Intra Golflink Resorts Tbk.,160.0,162.0,162.0,159.0,160.0,0.0,2223500.0,355209800.0,241.0,161.0,13800.0,160.0,300.0,9500.0,536300.0
2026-09-07T00:00:00,GOLL,Golden Plantation Tbk.,50.0,0.0,0.0,0.0,50.0,0.0,0.0,0.0,0.0,0.0,0.0,0.0,0.0,0.0,0.0
2026-09-07T00:00:00,GOOD,Garudafood Putra Putri Jaya Tbk.,322.0,324.0,326.0,320.0,322.0,0.0,154300.0,50006800.0,145.0,322.0,46800.0,320.0,1500.0,18000.0,100.0
2026-09-07T00:00:00,GOTO,GoTo Gojek Tokopedia Tbk.,50.0,50.0,50.0,50.0,50.0,0.0,33487700.0,1674385000.0,1525.0,50.0,19961809900.0,0.0,0.0,16815900.0,0.0
2026-09-07T00:00:00,GOTOM,MVS GoTo Gojek Tokopedia Tbk.,68.0,0.0,0.0,0.0,68.0,0.0,0.0,0.0,0.0,0.0,0.0,0.0,0.0,0.0,0.0
2026-09-07T00:00:00,GPRA,Perdana Gapuraprima Tbk.,106.0,106.0,109.0,104.0,107.0,1.0,128141000.0,13606347000.0,1660.0,108.0,686200.0,107.0,37500.0,38575700.0,3906500.0
2026-09-07T00:00:00,GPSO,Geoprima Solusi Tbk.,294.0,296.0,308.0,288.0,294.0,0.0,63192500.0,18873219800.0,2082.0,294.0,443200.0,292.0,633900.0,3212300.0,13360200.0
2026-09-07T00:00:00,GRIA,Ingria Pratama Capitalindo Tbk.,168.0,168.0,168.0,162.0,168.0,0.0,3660300.0,601863000.0,538.0,169.0,13500.0,168.0,14000.0,599200.0,31500.0
2026-09-07T00:00:00,GRPH,Griptha Putra Persada Tbk.,119.0,120.0,147.0,115.0,132.0,13.0,280808500.0,38187799400.0,25766.0,133.0,383600.0,132.0,2845400.0,19026900.0,15820600.0
2026-09-07T00:00:00,GRPM,Graha Prima Mentari Tbk.,170.0,0.0,176.0,167.0,171.0,1.0,2341300.0,398091100.0,566.0,171.0,51000.0,169.0,46100.0,100.0,0.0
2026-09-07T00:00:00,GSMF,Equity Development Investment Tbk.,97.0,97.0,98.0,95.0,97.0,0.0,3748500.0,362308900.0,429.0,97.0,194600.0,96.0,190400.0,79900.0,52800.0
2026-09-07T00:00:00,GTBO,Garda Tujuh Buana Tbk,150.0,0.0,150.0,145.0,150.0,0.0,235900.0,34222500.0,52.0,150.0,31000.0,145.0,3400.0,0.0,0.0
2026-09-07T00:00:00,GTRA,Grahaprima Suksesmandiri Tbk.,272.0,272.0,276.0,260.0,268.0,-4.0,1393200.0,374332600.0,440.0,268.0,85100.0,266.0,76300.0,70300.0,244000.0
2026-09-07T00:00:00,GTSI,GTS Internasional Tbk.,171.0,171.0,172.0,165.0,167.0,-4.0,26328000.0,4401343500.0,2597.0,167.0,192200.0,166.0,1725200.0,3509100.0,5202200.0
2026-09-07T00:00:00,GULA,Aman Agrindo Tbk.,780.0,780.0,780.0,760.0,780.0,0.0,16396500.0,12661776000.0,805.0,780.0,756500.0,775.0,495600.0,4561100.0,4130700.0
2026-09-07T00:00:00,GUNA,Gunanusa Eramandiri Tbk.,222.0,222.0,228.0,216.0,220.0,-2.0,29400.0,6498400.0,50.0,222.0,5800.0,220.0,4900.0,0.0,8000.0
2026-09-07T00:00:00,GWSA,Greenwood Sejahtera Tbk.,174.0,179.0,179.0,171.0,173.0,-1.0,790600.0,138429700.0,155.0,173.0,6800.0,172.0,121700.0,3700.0,37500.0
2026-09-07T00:00:00,GZCO,Gozco Plantations Tbk.,199.0,198.0,206.0,194.0,202.0,3.0,30544100.0,6116974700.0,2385.0,204.0,1386900.0,202.0,6900.0,3940000.0,5333300.0
2026-09-07T00:00:00,HADE,Himalaya Energi Perkasa Tbk.,19.0,0.0,20.0,19.0,20.0,1.0,10318300.0,203594500.0,352.0,20.0,3451700.0,19.0,375900.0,0.0,0.0
2026-09-07T00:00:00,HAIS,Hasnur Internasional Shipping Tbk.,189.0,189.0,193.0,189.0,190.0,1.0,979200.0,187152900.0,351.0,191.0,54700.0,190.0,1400.0,1400.0,72000.0
2026-09-07T00:00:00,HAJJ,Arsy Buana Travelindo Tbk.,108.0,0.0,109.0,106.0,107.0,-1.0,6913100.0,742512400.0,727.0,108.0,80000.0,107.0,131600.0,760800.0,138400.0
2026-09-07T00:00:00,HALO,Haloni Jane Tbk.,69.0,76.0,91.0,76.0,87.0,18.0,400468200.0,34349126200.0,24157.0,88.0,2714100.0,87.0,163800.0,15692000.0,21534200.0
2026-09-07T00:00:00,HATM,Habco Trans Maritima Tbk.,615.0,615.0,615.0,580.0,580.0,-35.0,5426000.0,3206644500.0,1054.0,580.0,615700.0,575.0,143200.0,739100.0,3642800.0
2026-09-07T00:00:00,HBAT,Minahasa Membangun Hebat Tbk.,274.0,0.0,300.0,262.0,300.0,26.0,4048900.0,1172926000.0,392.0,0.0,0.0,300.0,5700.0,349700.0,187300.0
2026-09-07T00:00:00,HDFA,Radana Bhaskara Finance Tbk.,102.0,102.0,103.0,99.0,102.0,0.0,523100.0,52511100.0,107.0,102.0,55700.0,101.0,2400.0,0.0,1700.0
2026-09-07T00:00:00,HDIT,Hensel Davest Indonesia Tbk.,50.0,50.0,51.0,50.0,50.0,0.0,11290700.0,564649900.0,904.0,51.0,5564600.0,50.0,517700.0,0.0,0.0
2026-09-07T00:00:00,HEAL,Medikaloka Hermina Tbk.,685.0,700.0,715.0,680.0,685.0,0.0,49684300.0,34780718500.0,5257.0,690.0,89100.0,685.0,161500.0,5299100.0,28178100.0
2026-09-07T00:00:00,HELI,Jaya Trishindo Tbk.,202.0,199.0,216.0,199.0,210.0,8.0,1888200.0,393615600.0,412.0,212.0,35000.0,208.0,122600.0,0.0,0.0
2026-09-07T00:00:00,HERO,DFI Retail Nusantara Tbk.,332.0,0.0,340.0,330.0,340.0,8.0,166700.0,55962400.0,66.0,340.0,15300.0,338.0,11700.0,1100.0,100.0
2026-09-07T00:00:00,HEXA,Hexindo Adiperkasa Tbk.,4480.0,4460.0,4500.0,4460.0,4480.0,0.0,563900.0,2527645000.0,407.0,4480.0,6100.0,4470.0,72100.0,24700.0,91000.0
2026-09-07T00:00:00,HGII,Hero Global Investment Tbk.,137.0,137.0,141.0,137.0,139.0,2.0,1527600.0,211889800.0,258.0,139.0,542700.0,138.0,1780200.0,8500.0,17600.0
2026-09-07T00:00:00,HILL,Hillcon Tbk.,16.0,0.0,0.0,0.0,16.0,0.0,0.0,0.0,0.0,0.0,0.0,0.0,0.0,0.0,0.0
2026-09-07T00:00:00,HITS,Humpuss Intermoda Transportasi Tbk.,116.0,0.0,0.0,0.0,116.0,0.0,0.0,0.0,0.0,0.0,0.0,0.0,0.0,0.0,0.0
2026-09-07T00:00:00,HKMU,HK Metals Utama Tbk.,50.0,0.0,0.0,0.0,50.0,0.0,0.0,0.0,0.0,0.0,0.0,0.0,0.0,0.0,0.0
2026-09-07T00:00:00,HMSP,H.M. Sampoerna Tbk.,740.0,740.0,755.0,740.0,750.0,10.0,9641600.0,7219327000.0,941.0,755.0,1096600.0,750.0,221700.0,1646000.0,881000.0
2026-09-07T00:00:00,HOKI,Buyung Poetra Sembada Tbk.,56.0,56.0,57.0,55.0,55.0,-1.0,7613600.0,425216800.0,406.0,56.0,1261000.0,55.0,11284000.0,271300.0,12800.0
2026-09-07T00:00:00,HOME,Hotel Mandarine Regency Tbk.,50.0,0.0,0.0,0.0,50.0,0.0,0.0,0.0,0.0,0.0,0.0,0.0,0.0,0.0,0.0
2026-09-07T00:00:00,HOMI,Grand House Mulia Tbk.,222.0,222.0,240.0,218.0,234.0,12.0,4231000.0,970347600.0,780.0,236.0,14400.0,234.0,88600.0,31500.0,27700.0
2026-09-07T00:00:00,HOPE,Harapan Duta Pertiwi Tbk.,272.0,276.0,282.0,232.0,232.0,-40.0,170499500.0,43348827800.0,8921.0,232.0,134100.0,0.0,0.0,5645500.0,15622600.0
2026-09-07T00:00:00,HOTL,Saraswati Griya Lestari Tbk.,50.0,0.0,0.0,0.0,50.0,0.0,0.0,0.0,0.0,0.0,0.0,0.0,0.0,0.0,0.0
2026-09-07T00:00:00,HRME,Menteng Heritage Realty Tbk.,45.0,0.0,49.0,44.0,44.0,-1.0,5952700.0,278385100.0,235.0,44.0,798300.0,43.0,133900.0,0.0,0.0
2026-09-07T00:00:00,HRTA,Hartadinata Abadi Tbk.,2280.0,2250.0,2260.0,2210.0,2240.0,-40.0,5018100.0,11228253000.0,1924.0,2250.0,67600.0,2240.0,6900.0,889000.0,2358700.0
2026-09-07T00:00:00,HRUM,Harum Energy Tbk.,950.0,950.0,960.0,930.0,940.0,-10.0,13051300.0,12289941500.0,1931.0,945.0,245200.0,940.0,110400.0,3094200.0,2996500.0
2026-09-07T00:00:00,HUMI,Humpuss Maritim Internasional Tbk.,144.0,144.0,144.0,140.0,141.0,-3.0,31035300.0,4390005800.0,2718.0,142.0,185400.0,141.0,2221300.0,3381600.0,9258000.0
2026-09-07T00:00:00,HYGN,Ecocare Indo Pasifik Tbk.,188.0,188.0,189.0,185.0,186.0,-2.0,1380400.0,257704000.0,184.0,186.0,95400.0,185.0,142300.0,51300.0,406800.0
2026-09-07T00:00:00,IATA,Karya Pacific Energy Tbk.,131.0,130.0,140.0,129.0,135.0,4.0,1522303900.0,206465987900.0,36344.0,135.0,15931900.0,134.0,18804800.0,464290600.0,231727400.0
2026-09-07T00:00:00,IBFN,Intan Baru Prana Tbk.,63.0,0.0,0.0,0.0,63.0,0.0,0.0,0.0,0.0,0.0,0.0,0.0,0.0,0.0,0.0
2026-09-07T00:00:00,IBOS,Indo Boga Sukses Tbk.,90.0,0.0,97.0,90.0,96.0,6.0,14609000.0,1385470600.0,965.0,97.0,838500.0,96.0,89800.0,951900.0,562200.0
2026-09-07T00:00:00,IBST,Inti Bangun Sejahtera Tbk.,8475.0,0.0,0.0,0.0,8475.0,0.0,0.0,0.0,0.0,0.0,0.0,0.0,0.0,0.0,0.0
2026-09-07T00:00:00,ICBP,Indofood CBP Sukses Makmur Tbk.,7275.0,7675.0,7675.0,7250.0,7250.0,-25.0,6982400.0,51257190000.0,5265.0,7275.0,400.0,7250.0,36600.0,2123000.0,1571600.0
2026-09-07T00:00:00,ICON,Island Concepts Indonesia Tbk.,130.0,131.0,151.0,127.0,151.0,21.0,140323900.0,20113661600.0,9698.0,151.0,1884200.0,150.0,214500.0,11052000.0,6705200.0
2026-09-07T00:00:00,IDEA,Idea Indonesia Akademi Tbk.,62.0,0.0,62.0,59.0,61.0,-1.0,5656600.0,342619200.0,305.0,61.0,21400.0,60.0,862600.0,0.0,0.0
2026-09-07T00:00:00,IDPR,Indonesia Pondasi Raya Tbk.,270.0,274.0,280.0,268.0,272.0,2.0,88300.0,24250200.0,70.0,274.0,200.0,272.0,9400.0,6900.0,17200.0
2026-09-07T00:00:00,IFII,Indonesia Fibreboard Industry Tbk.,204.0,0.0,204.0,200.0,202.0,-2.0,66700.0,13492400.0,49.0,204.0,343000.0,202.0,128700.0,0.0,300.0
2026-09-07T00:00:00,IFSH,Ifishdeco Tbk.,1065.0,0.0,1070.0,1065.0,1070.0,5.0,2100.0,2245500.0,13.0,1070.0,7500.0,1065.0,86500.0,0.0,100.0
2026-09-07T00:00:00,IGAR,Champion Pacific Indonesia Tbk.,476.0,476.0,486.0,474.0,476.0,0.0,33500.0,15950400.0,41.0,476.0,58600.0,472.0,21800.0,1800.0,0.0
2026-09-07T00:00:00,IIKP,Inti Agri Resources Tbk,50.0,0.0,0.0,0.0,50.0,0.0,0.0,0.0,0.0,0.0,0.0,0.0,0.0,0.0,0.0
2026-09-07T00:00:00,IKAI,Intikeramik Alamasri Industri Tbk.,19.0,0.0,19.0,19.0,19.0,0.0,18311700.0,347922300.0,333.0,20.0,12059700.0,19.0,2174900.0,0.0,0.0
2026-09-07T00:00:00,IKAN,Era Mandiri Cemerlang Tbk.,90.0,90.0,92.0,89.0,90.0,0.0,5152800.0,467312100.0,470.0,91.0,334400.0,90.0,782500.0,89000.0,224600.0
2026-09-07T00:00:00,IKBI,Sumi Indo Kabel Tbk.,520.0,520.0,525.0,515.0,520.0,0.0,274300.0,141657500.0,110.0,520.0,99700.0,515.0,155400.0,0.0,5300.0
2026-09-07T00:00:00,IKPM,Ikapharmindo Putramas Tbk.,193.0,194.0,206.0,194.0,194.0,1.0,1800400.0,358620100.0,424.0,194.0,35900.0,193.0,31300.0,53500.0,78400.0
2026-09-07T00:00:00,IMAS,Indomobil Sukses Internasional Tbk.,930.0,950.0,975.0,930.0,935.0,5.0,208400.0,195771500.0,168.0,935.0,17100.0,930.0,30500.0,9300.0,6700.0
2026-09-07T00:00:00,IMJS,Indomobil Multi Jasa Tbk.,188.0,187.0,189.0,183.0,188.0,0.0,6037200.0,1121991400.0,982.0,189.0,108700.0,188.0,168800.0,1035200.0,74100.0
2026-09-07T00:00:00,IMPC,Impack Pratama Industri Tbk.,1500.0,1500.0,1580.0,1450.0,1560.0,60.0,30015200.0,45430442000.0,5929.0,1560.0,20400.0,1555.0,165200.0,4354600.0,6867300.0
2026-09-07T00:00:00,INAF,Indofarma Tbk.,126.0,0.0,0.0,0.0,126.0,0.0,0.0,0.0,0.0,0.0,0.0,0.0,0.0,0.0,0.0
2026-09-07T00:00:00,INAI,Indal Aluminium Industry Tbk.,175.0,174.0,179.0,173.0,176.0,1.0,419500.0,73472000.0,114.0,177.0,141900.0,176.0,18400.0,0.0,0.0
2026-09-07T00:00:00,INCF,Indo Komoditi Korpora Tbk.,50.0,0.0,0.0,0.0,50.0,0.0,0.0,0.0,0.0,0.0,0.0,0.0,0.0,0.0,0.0
2026-09-07T00:00:00,INCI,Intanwijaya Internasional Tbk,790.0,780.0,825.0,780.0,790.0,0.0,748100.0,601722500.0,168.0,795.0,100.0,790.0,300.0,0.0,0.0
2026-09-07T00:00:00,INCO,Vale Indonesia Tbk.,4960.0,4960.0,4980.0,4840.0,4860.0,-100.0,13840300.0,67605258000.0,7621.0,4870.0,14900.0,4860.0,28800.0,2314500.0,1583500.0
2026-09-07T00:00:00,INDF,Indofood Sukses Makmur Tbk.,7225.0,7250.0,7375.0,7225.0,7350.0,125.0,7819800.0,57199712500.0,5770.0,7375.0,117700.0,7350.0,700.0,3262800.0,4200900.0
2026-09-07T00:00:00,INDO,Royalindo Investa Wijaya Tbk.,185.0,185.0,190.0,184.0,189.0,4.0,25061100.0,4672827100.0,828.0,189.0,638800.0,188.0,623600.0,10782600.0,833700.0
2026-09-07T00:00:00,INDR,Indo-Rama Synthetics Tbk.,2670.0,0.0,3040.0,2670.0,2990.0,320.0,320600.0,931220000.0,552.0,2990.0,10200.0,2920.0,3100.0,15600.0,22600.0
2026-09-07T00:00:00,INDS,Indospring Tbk.,270.0,270.0,274.0,268.0,270.0,0.0,865400.0,233827600.0,633.0,272.0,45500.0,270.0,38200.0,0.0,1000.0
2026-09-07T00:00:00,INDX,Tanah Laut Tbk,60.0,0.0,0.0,0.0,60.0,0.0,0.0,0.0,0.0,0.0,0.0,0.0,0.0,0.0,0.0
2026-09-07T00:00:00,INDY,Indika Energy Tbk.,2790.0,2800.0,2850.0,2750.0,2780.0,-10.0,18748000.0,52454531000.0,4085.0,2790.0,11800.0,2780.0,38600.0,4213400.0,4471600.0
2026-09-07T00:00:00,INET,Sinergi Inti Andalan Prima Tbk.,366.0,366.0,368.0,352.0,356.0,-10.0,460122200.0,165143707600.0,31596.0,358.0,1766100.0,356.0,1978200.0,14915300.0,120520200.0
2026-09-07T00:00:00,INKP,Indah Kiat Pulp & Paper Tbk.,8800.0,8900.0,9125.0,8825.0,9075.0,275.0,3620300.0,32743792500.0,2216.0,9100.0,150400.0,9075.0,25800.0,1544800.0,582800.0
2026-09-07T00:00:00,INOV,Inocycle Technology Group Tbk.,141.0,141.0,141.0,138.0,140.0,-1.0,2879200.0,398711500.0,204.0,140.0,45500.0,138.0,269800.0,61400.0,1900.0
2026-09-07T00:00:00,INPC,Bank Artha Graha Internasional Tbk.,178.0,185.0,192.0,158.0,170.0,-8.0,142737300.0,24835013400.0,10240.0,170.0,2600.0,169.0,77700.0,6726500.0,8697200.0
2026-09-07T00:00:00,INPP,Indonesian Paradise Property Tbk.,760.0,0.0,760.0,735.0,750.0,-10.0,49000.0,36518500.0,50.0,750.0,75200.0,740.0,1000.0,19500.0,8200.0
2026-09-07T00:00:00,INPS,Indah Prakasa Sentosa Tbk.,710.0,0.0,765.0,710.0,765.0,55.0,489000.0,362729000.0,59.0,765.0,370400.0,720.0,300.0,0.0,0.0
2026-09-07T00:00:00,INRU,Toba Pulp Lestari Tbk.,590.0,0.0,0.0,0.0,590.0,0.0,0.0,0.0,0.0,0.0,0.0,0.0,0.0,0.0,0.0
2026-09-07T00:00:00,INTA,Intraco Penta Tbk.,61.0,0.0,0.0,0.0,61.0,0.0,0.0,0.0,0.0,0.0,0.0,0.0,0.0,0.0,0.0
2026-09-07T00:00:00,INTD,Inter Delta Tbk,260.0,260.0,266.0,252.0,256.0,-4.0,91300.0,23552200.0,77.0,262.0,3300.0,256.0,200.0,0.0,0.0
2026-09-07T00:00:00,INTP,Indocement Tunggal Prakarsa Tbk.,5450.0,5800.0,5800.0,5425.0,5425.0,-25.0,964200.0,5350852500.0,988.0,5450.0,4000.0,5425.0,37400.0,127200.0,597900.0
2026-09-07T00:00:00,IOTF,Sumber Sinergi Makmur Tbk.,65.0,65.0,71.0,65.0,69.0,4.0,144205500.0,9938257500.0,6293.0,70.0,4546200.0,69.0,5353700.0,17838500.0,15631600.0
2026-09-07T00:00:00,IPAC,Era Graharealty Tbk.,187.0,0.0,192.0,183.0,186.0,-1.0,101400.0,19175800.0,43.0,190.0,800.0,186.0,6800.0,0.0,0.0
2026-09-07T00:00:00,IPCC,Indonesia Kendaraan Terminal Tbk.,1150.0,1160.0,1160.0,1135.0,1150.0,0.0,768700.0,880455500.0,540.0,1150.0,60800.0,1145.0,22700.0,85000.0,20300.0
2026-09-07T00:00:00,IPCM,Jasa Armada Indonesia Tbk.,292.0,292.0,298.0,290.0,296.0,4.0,2145200.0,628585400.0,708.0,296.0,174400.0,294.0,7900.0,10600.0,63100.0
2026-09-07T00:00:00,IPOL,Indopoly Swakarsa Industry Tbk.,119.0,118.0,119.0,116.0,117.0,-2.0,666000.0,78232300.0,154.0,118.0,6300.0,117.0,12700.0,17700.0,23100.0
2026-09-07T00:00:00,IPPE,Indo Pureco Pratama Tbk.,14.0,0.0,0.0,0.0,14.0,0.0,0.0,0.0,0.0,0.0,0.0,0.0,0.0,0.0,0.0
2026-09-07T00:00:00,IPTV,MNC Vision Networks Tbk.,30.0,0.0,31.0,30.0,31.0,1.0,560800.0,17118700.0,75.0,31.0,3198600.0,30.0,2964900.0,0.0,0.0
2026-09-07T00:00:00,IRRA,Itama Ranoraya Tbk.,374.0,404.0,450.0,402.0,416.0,42.0,31841500.0,13617604400.0,7322.0,416.0,50700.0,414.0,33600.0,1930500.0,2820300.0
2026-09-07T00:00:00,IRSX,Folago Global Nusantara Tbk.,424.0,426.0,430.0,412.0,416.0,-8.0,47551800.0,19883459800.0,4945.0,418.0,277700.0,416.0,175600.0,2013000.0,16975700.0
2026-09-07T00:00:00,ISAP,Isra Presisi Indonesia Tbk.,24.0,0.0,24.0,23.0,23.0,-1.0,25149500.0,584770600.0,480.0,24.0,32855700.0,23.0,3145700.0,0.0,0.0
2026-09-07T00:00:00,ISAT,Indosat Tbk.,2390.0,2440.0,2440.0,2320.0,2350.0,-40.0,45298800.0,106945799000.0,9698.0,2350.0,1088800.0,2340.0,183400.0,4446900.0,31973800.0
2026-09-07T00:00:00,ISEA,Indo American Seafoods Tbk.,86.0,86.0,89.0,84.0,86.0,0.0,18097200.0,1561486200.0,1494.0,86.0,1262400.0,85.0,1830500.0,233800.0,429900.0
2026-09-07T00:00:00,ISSP,Steel Pipe Industry of Indonesia Tbk.,452.0,454.0,460.0,446.0,454.0,2.0,2950300.0,1337599200.0,361.0,454.0,8500.0,452.0,50000.0,236500.0,2800.0
2026-09-07T00:00:00,ITIC,Indonesian Tobacco Tbk.,226.0,226.0,226.0,224.0,226.0,0.0,132500.0,29814600.0,68.0,226.0,57200.0,224.0,30700.0,0.0,1500.0
2026-09-07T00:00:00,ITMA,Sumber Energi Andalan Tbk.,1525.0,1525.0,1660.0,1525.0,1630.0,105.0,193500.0,308579000.0,236.0,1630.0,2300.0,1555.0,700.0,27600.0,31700.0
2026-09-07T00:00:00,ITMG,Indo Tambangraya Megah Tbk.,26100.0,26100.0,26725.0,26100.0,26525.0,425.0,1487400.0,39531092500.0,3175.0,26550.0,400.0,26525.0,4100.0,557900.0,402400.0
2026-09-07T00:00:00,JARR,Jhonlin Agro Raya Tbk.,3220.0,3220.0,3270.0,3170.0,3170.0,-50.0,4296500.0,13743490000.0,2269.0,3180.0,35200.0,3170.0,57200.0,305600.0,883100.0
2026-09-07T00:00:00,JAST,Jasnita Telekomindo Tbk.,94.0,94.0,97.0,94.0,95.0,1.0,13815000.0,1316186600.0,1003.0,96.0,714100.0,95.0,354300.0,493000.0,669900.0
2026-09-07T00:00:00,JATI,Informasi Teknologi Indonesia Tbk.,110.0,111.0,112.0,110.0,110.0,0.0,22671200.0,2514994900.0,988.0,111.0,5200.0,110.0,171600.0,1627900.0,1337500.0
2026-09-07T00:00:00,JAWA,Jaya Agra Wattie Tbk.,135.0,138.0,141.0,135.0,138.0,3.0,1990700.0,273855600.0,497.0,139.0,1400.0,138.0,861400.0,39000.0,0.0
2026-09-07T00:00:00,JAYA,Armada Berjaya Trans Tbk.,170.0,176.0,196.0,148.0,150.0,-20.0,199814800.0,34412364500.0,18332.0,151.0,77300.0,150.0,10051400.0,1566200.0,1588000.0
2026-09-07T00:00:00,JECC,Jembo Cable Company Tbk.,645.0,650.0,655.0,645.0,645.0,0.0,98200.0,63848000.0,85.0,655.0,8500.0,650.0,4600.0,0.0,11200.0
2026-09-07T00:00:00,JECX,Nitrasanata Dharma Tbk.,1500.0,1510.0,1525.0,1435.0,1450.0,-50.0,16886700.0,24521529000.0,2850.0,1450.0,14800.0,1445.0,20900.0,227400.0,13887800.0
2026-09-07T00:00:00,JELI,Niramas Utama Tbk.,595.0,595.0,600.0,585.0,590.0,-5.0,2938700.0,1734830000.0,1468.0,590.0,28400.0,585.0,913600.0,0.0,421500.0
2026-09-07T00:00:00,JGLE,Graha Andrasentra Propertindo Tbk.,84.0,84.0,86.0,82.0,84.0,0.0,273252500.0,22979731500.0,9606.0,84.0,5446600.0,83.0,5626400.0,29077500.0,44607600.0
2026-09-07T00:00:00,JIHD,Jakarta International Hotels & Development Tbk.,464.0,464.0,464.0,442.0,460.0,-4.0,374700.0,169735200.0,181.0,460.0,8700.0,458.0,44900.0,400.0,3300.0
2026-09-07T00:00:00,JKON,Jaya Konstruksi Manggala Pratama Tbk.,88.0,89.0,91.0,87.0,89.0,1.0,35446200.0,3157155400.0,1957.0,89.0,675600.0,88.0,234600.0,2525700.0,5110100.0
2026-09-07T00:00:00,JMAS,Asuransi Jiwa Syariah Jasa Mitra Abadi Tbk.,228.0,0.0,0.0,0.0,228.0,0.0,0.0,0.0,0.0,0.0,0.0,0.0,0.0,0.0,0.0
2026-09-07T00:00:00,JPFA,Japfa Comfeed Indonesia Tbk.,2310.0,2350.0,2370.0,2310.0,2310.0,0.0,12844800.0,30049252000.0,3030.0,2320.0,1600.0,2310.0,81100.0,4635800.0,7743100.0
2026-09-07T00:00:00,JRPT,Jaya Real Property Tbk.,1090.0,1085.0,1090.0,1080.0,1090.0,0.0,426400.0,464330500.0,22.0,1095.0,100.0,1085.0,62500.0,0.0,401100.0
2026-09-07T00:00:00,JSKY,Sky Energy Indonesia Tbk.,52.0,0.0,0.0,0.0,52.0,0.0,0.0,0.0,0.0,0.0,0.0,0.0,0.0,0.0,0.0
2026-09-07T00:00:00,JSMR,Jasa Marga (Persero) Tbk.,2990.0,2910.0,2970.0,2910.0,2960.0,-30.0,1584000.0,4651790000.0,1465.0,2960.0,600.0,2950.0,44300.0,532000.0,489300.0
2026-09-07T00:00:00,JSPT,Jakarta Setiabudi Internasional Tbk.,1390.0,0.0,1405.0,1385.0,1395.0,5.0,3300.0,4599000.0,17.0,1400.0,1500.0,1390.0,4000.0,0.0,100.0
2026-09-07T00:00:00,JTPE,Jasuindo Tiga Perkasa Tbk.,610.0,605.0,615.0,600.0,600.0,-10.0,604100.0,365672000.0,102.0,600.0,19500.0,595.0,122000.0,0.0,178400.0
2026-09-07T00:00:00,KAEF,Kimia Farma (Persero) Tbk.,440.0,490.0,550.0,490.0,515.0,75.0,67402400.0,35761650100.0,9558.0,515.0,384200.0,510.0,237600.0,1939100.0,2405100.0
2026-09-07T00:00:00,KAQI,Jantra Grupo Indonesia Tbk.,102.0,104.0,104.0,99.0,101.0,-1.0,31829200.0,3233639200.0,1869.0,102.0,485500.0,101.0,205300.0,2443400.0,3930600.0
2026-09-07T00:00:00,KARW,Meratus Jasa Prima Tbk.,212.0,0.0,0.0,0.0,212.0,0.0,0.0,0.0,0.0,0.0,0.0,0.0,0.0,0.0,0.0
2026-09-07T00:00:00,KAYU,Darmi Bersaudara Tbk.,18.0,0.0,0.0,0.0,18.0,0.0,0.0,0.0,0.0,0.0,0.0,0.0,0.0,0.0,0.0
2026-09-07T00:00:00,KBAG,Karya Bersama Anugerah Tbk.,45.0,0.0,45.0,44.0,45.0,0.0,917700.0,41170900.0,87.0,45.0,1676900.0,44.0,223300.0,0.0,0.0
2026-09-07T00:00:00,KBLI,KMI Wire & Cable Tbk.,338.0,338.0,346.0,332.0,342.0,4.0,664500.0,226210000.0,292.0,342.0,300.0,338.0,7000.0,135100.0,0.0
2026-09-07T00:00:00,KBLM,Kabelindo Murni Tbk.,336.0,334.0,336.0,332.0,332.0,-4.0,196700.0,65639800.0,125.0,334.0,1900.0,332.0,17200.0,20900.0,0.0
2026-09-07T00:00:00,KBLV,First Media Tbk.,134.0,134.0,137.0,132.0,133.0,-1.0,8183600.0,1099149400.0,666.0,134.0,2300.0,133.0,289300.0,1560600.0,1787900.0
2026-09-07T00:00:00,KBRI,Kertas Basuki Rachmat Indonesia Tbk.,50.0,0.0,0.0,0.0,50.0,0.0,0.0,0.0,0.0,0.0,0.0,0.0,0.0,0.0,0.0
2026-09-07T00:00:00,KDSI,Kedawung Setia Industrial Tbk.,466.0,468.0,468.0,466.0,468.0,2.0,7400.0,3460800.0,20.0,468.0,24900.0,464.0,2300.0,0.0,0.0
2026-09-07T00:00:00,KDTN,Puri Sentul Permai Tbk.,420.0,424.0,434.0,412.0,420.0,0.0,3220600.0,1346756400.0,1109.0,422.0,277700.0,420.0,56400.0,258500.0,917000.0
2026-09-07T00:00:00,KEEN,Kencana Energi Lestari Tbk.,940.0,940.0,960.0,935.0,960.0,20.0,7573500.0,7206375000.0,1562.0,960.0,193100.0,955.0,11900.0,1385200.0,145900.0
2026-09-07T00:00:00,KEJU,Mulia Boga Raya Tbk.,620.0,620.0,620.0,615.0,620.0,0.0,17600.0,10854000.0,31.0,620.0,9200.0,615.0,197700.0,0.0,0.0
2026-09-07T00:00:00,KETR,Ketrosden Triasmitra Tbk.,855.0,855.0,875.0,805.0,865.0,10.0,22632100.0,19195975000.0,2758.0,865.0,52700.0,860.0,136100.0,9245700.0,4353200.0
2026-09-07T00:00:00,KIAS,Keramika Indonesia Assosiasi Tbk.,21.0,0.0,0.0,0.0,21.0,0.0,0.0,0.0,0.0,0.0,0.0,0.0,0.0,0.0,0.0
2026-09-07T00:00:00,KICI,Kedaung Indah Can Tbk,278.0,282.0,288.0,266.0,268.0,-10.0,10978300.0,3023674800.0,1606.0,270.0,145700.0,268.0,346600.0,405500.0,634000.0
2026-09-07T00:00:00,KIJA,Kawasan Industri Jababeka Tbk.,196.0,200.0,210.0,198.0,204.0,8.0,385684900.0,78498424700.0,15049.0,206.0,11463600.0,204.0,3700.0,67969400.0,76731300.0
2026-09-07T00:00:00,KING,Hoffmen Cleanindo Tbk.,340.0,0.0,374.0,374.0,374.0,34.0,598600.0,223876400.0,45.0,0.0,0.0,374.0,1629400.0,0.0,0.0
2026-09-07T00:00:00,KINO,Kino Indonesia Tbk.,1340.0,1335.0,1375.0,1330.0,1340.0,0.0,56900.0,77228000.0,43.0,1365.0,200.0,1340.0,30800.0,4400.0,0.0
2026-09-07T00:00:00,KIOS,Kioson Komersial Indonesia Tbk.,101.0,101.0,103.0,99.0,102.0,1.0,15633400.0,1583541900.0,1074.0,102.0,324200.0,101.0,4100.0,396000.0,1087700.0
2026-09-07T00:00:00,KJEN,Krida Jaringan Nusantara Tbk.,163.0,163.0,164.0,160.0,162.0,-1.0,2035500.0,329835900.0,404.0,163.0,138600.0,162.0,35700.0,98100.0,342500.0
2026-09-07T00:00:00,KKES,Kusuma Kemindo Sentosa Tbk.,96.0,100.0,101.0,93.0,96.0,0.0,83366500.0,8073922200.0,5986.0,97.0,716100.0,96.0,726400.0,684900.0,981000.0
2026-09-07T00:00:00,KKGI,Resource Alam Indonesia Tbk.,302.0,302.0,314.0,302.0,314.0,12.0,4444500.0,1375351800.0,976.0,316.0,157000.0,314.0,120500.0,164400.0,839800.0
2026-09-07T00:00:00,KLAS,Pelayaran Kurnia Lautan Semesta Tbk.,87.0,88.0,88.0,78.0,83.0,-4.0,19547200.0,1617381900.0,1233.0,84.0,13100.0,83.0,437700.0,79800.0,228100.0
2026-09-07T00:00:00,KLBF,Kalbe Farma Tbk.,775.0,790.0,825.0,780.0,785.0,10.0,192424800.0,153296940500.0,18484.0,790.0,1533100.0,785.0,291600.0,38614100.0,116519400.0
2026-09-07T00:00:00,KLIN,Klinko Karya Imaji Tbk.,113.0,0.0,116.0,110.0,114.0,1.0,67900.0,7720100.0,90.0,114.0,4100.0,113.0,5500.0,0.0,0.0
2026-09-07T00:00:00,KMDS,Kurniamitra Duta Sentosa Tbk.,525.0,525.0,525.0,515.0,525.0,0.0,63400.0,32984000.0,78.0,525.0,25800.0,515.0,161300.0,0.0,0.0
2026-09-07T00:00:00,KMTR,Kirana Megatara Tbk.,254.0,0.0,256.0,250.0,254.0,0.0,19000.0,4846800.0,28.0,254.0,200.0,252.0,200.0,0.0,0.0
2026-09-07T00:00:00,KOBX,Kobexindo Tractors Tbk.,177.0,179.0,183.0,175.0,176.0,-1.0,3461100.0,615513000.0,1057.0,177.0,2800.0,176.0,282700.0,81400.0,242600.0
2026-09-07T00:00:00,KOCI,Kokoh Exa Nusantara Tbk.,108.0,108.0,116.0,107.0,113.0,5.0,53109900.0,5981243000.0,3893.0,114.0,900100.0,113.0,10000.0,2021600.0,8174700.0
2026-09-07T00:00:00,KOIN,Kokoh Inti Arebama Tbk,78.0,0.0,0.0,0.0,78.0,0.0,0.0,0.0,0.0,0.0,0.0,0.0,0.0,0.0,0.0
2026-09-07T00:00:00,KOKA,Koka Indonesia Tbk.,181.0,180.0,183.0,178.0,181.0,0.0,4204000.0,754822700.0,760.0,182.0,40000.0,181.0,279000.0,257900.0,462400.0
2026-09-07T00:00:00,KONI,Perdana Bangun Pusaka Tbk,2160.0,2200.0,2240.0,2160.0,2200.0,40.0,8000.0,17451000.0,35.0,2200.0,700.0,2180.0,100.0,0.0,0.0
2026-09-07T00:00:00,KOPI,Mitra Energi Persada Tbk.,208.0,208.0,212.0,204.0,206.0,-2.0,422700.0,88001200.0,111.0,208.0,13700.0,206.0,211300.0,0.0,0.0
2026-09-07T00:00:00,KOTA,DMS Propertindo Tbk.,212.0,210.0,218.0,204.0,218.0,6.0,466068100.0,98970400400.0,26027.0,218.0,22010200.0,216.0,5216500.0,103349900.0,128827000.0
2026-09-07T00:00:00,KPIG,MNC Tourism Indonesia Tbk.,66.0,65.0,69.0,65.0,68.0,2.0,277414800.0,18719889100.0,4965.0,68.0,10854100.0,67.0,3959400.0,71538600.0,113497000.0
2026-09-07T00:00:00,KRAS,Krakatau Steel (Persero) Tbk.,254.0,254.0,258.0,244.0,250.0,-4.0,6589500.0,1639433000.0,1114.0,250.0,128600.0,248.0,159400.0,781400.0,110300.0
2026-09-07T00:00:00,KREN,Quantum Clovera Investama Tbk.,14.0,0.0,14.0,13.0,14.0,0.0,7696500.0,104181900.0,307.0,14.0,31557200.0,13.0,35020500.0,0.0,0.0
2026-09-07T00:00:00,KRYA,Bangun Karya Perkasa Jaya Tbk.,67.0,67.0,70.0,65.0,69.0,2.0,41709300.0,2845687000.0,2507.0,70.0,2438400.0,69.0,227100.0,4124100.0,4276100.0
2026-09-07T00:00:00,KSIX,Kentanix Supra International Tbk.,414.0,414.0,416.0,410.0,412.0,-2.0,163300.0,67125600.0,51.0,412.0,5700.0,410.0,40700.0,0.0,43100.0
2026-09-07T00:00:00,KUAS,Ace Oldfields Tbk.,108.0,109.0,115.0,104.0,106.0,-2.0,62941900.0,6972520700.0,3617.0,106.0,525800.0,105.0,364800.0,2076600.0,2390400.0
2026-09-07T00:00:00,LABA,Green Power Group Tbk.,126.0,126.0,132.0,122.0,124.0,-2.0,38967600.0,4976443000.0,3657.0,125.0,178400.0,123.0,949100.0,1502400.0,1455200.0
2026-09-07T00:00:00,LABS,UBC Medical Indonesia Tbk.,165.0,178.0,218.0,178.0,204.0,39.0,80990100.0,16288858300.0,9968.0,204.0,372100.0,202.0,415600.0,2813700.0,23699400.0
2026-09-07T00:00:00,LAJU,Jasa Berdikari Logistics Tbk.,75.0,76.0,80.0,72.0,77.0,2.0,174485000.0,13316882600.0,11159.0,78.0,5964500.0,77.0,8981000.0,2615600.0,2918400.0
2026-09-07T00:00:00,LAND,Trimitra Propertindo Tbk.,73.0,73.0,74.0,72.0,74.0,1.0,5516500.0,402540300.0,680.0,74.0,2608900.0,73.0,674200.0,134100.0,397500.0
2026-09-07T00:00:00,LAPD,Leyand International Tbk.,71.0,71.0,74.0,68.0,70.0,-1.0,27972500.0,2004005400.0,1781.0,71.0,14600.0,70.0,2013600.0,2652400.0,707000.0
2026-09-07T00:00:00,LCGP,Eureka Prima Jakarta Tbk.,114.0,0.0,0.0,0.0,114.0,0.0,0.0,0.0,0.0,0.0,0.0,0.0,0.0,0.0,0.0
2026-09-07T00:00:00,LCKM,LCK Global Kedaton Tbk.,109.0,0.0,0.0,0.0,109.0,0.0,0.0,0.0,0.0,0.0,0.0,0.0,0.0,0.0,0.0
2026-09-07T00:00:00,LEAD,Logindo Samudramakmur Tbk.,112.0,113.0,113.0,109.0,109.0,-3.0,13985200.0,1543789500.0,1212.0,110.0,36600.0,109.0,877500.0,1301600.0,1936600.0
2026-09-07T00:00:00,LFLO,Imago Mulia Persada Tbk.,515.0,0.0,515.0,480.0,505.0,-10.0,6400.0,3229000.0,23.0,505.0,200.0,500.0,200.0,0.0,0.0
2026-09-07T00:00:00,LIFE,MSIG Life Insurance Indonesia Tbk.,12725.0,0.0,0.0,0.0,12725.0,0.0,0.0,0.0,0.0,0.0,0.0,0.0,0.0,0.0,0.0
2026-09-07T00:00:00,LINK,Link Net Tbk.,1660.0,1630.0,1700.0,1595.0,1675.0,15.0,63200.0,103320500.0,117.0,1675.0,6000.0,1595.0,2700.0,0.0,1400.0
2026-09-07T00:00:00,LION,Lion Metal Works Tbk.,386.0,386.0,460.0,380.0,382.0,-4.0,1552800.0,657178600.0,1189.0,384.0,900.0,382.0,16900.0,123400.0,111500.0
2026-09-07T00:00:00,LIVE,Homeco Victoria Makmur Tbk.,188.0,188.0,190.0,188.0,188.0,0.0,6036200.0,1140963300.0,316.0,189.0,7400.0,188.0,92100.0,21200.0,7900.0
2026-09-07T00:00:00,LMAS,Limas Indonesia Makmur Tbk,50.0,0.0,0.0,0.0,50.0,0.0,0.0,0.0,0.0,0.0,0.0,0.0,0.0,0.0,0.0
2026-09-07T00:00:00,LMAX,Lupromax Pelumas Indonesia Tbk.,116.0,0.0,126.0,109.0,110.0,-6.0,2248300.0,255615600.0,306.0,112.0,31800.0,110.0,8000.0,0.0,0.0
2026-09-07T00:00:00,LMPI,Langgeng Makmur Industri Tbk.,161.0,166.0,166.0,161.0,161.0,0.0,176000.0,28721700.0,74.0,162.0,4200.0,161.0,179200.0,0.0,0.0
2026-09-07T00:00:00,LMSH,Lionmesh Prima Tbk.,256.0,0.0,0.0,0.0,256.0,0.0,0.0,0.0,0.0,0.0,0.0,0.0,0.0,0.0,0.0
2026-09-07T00:00:00,LOPI,Logisticsplus International Tbk.,66.0,0.0,62.0,60.0,60.0,-6.0,73318300.0,4423278300.0,3538.0,60.0,980000.0,0.0,0.0,0.0,0.0
2026-09-07T00:00:00,LPCK,Lippo Cikarang Tbk,600.0,600.0,615.0,595.0,600.0,0.0,250700.0,150516000.0,93.0,605.0,98600.0,600.0,48100.0,1100.0,51900.0
2026-09-07T00:00:00,LPGI,Lippo General Insurance Tbk.,625.0,645.0,655.0,610.0,645.0,20.0,52600.0,33369000.0,54.0,640.0,300.0,620.0,700.0,2100.0,0.0
2026-09-07T00:00:00,LPIN,Multi Prima Sejahtera Tbk,432.0,432.0,436.0,430.0,432.0,0.0,160500.0,69430000.0,101.0,432.0,81700.0,430.0,98800.0,0.0,0.0
2026-09-07T00:00:00,LPKR,Lippo Karawaci Tbk.,62.0,63.0,63.0,61.0,62.0,0.0,62933500.0,3899819500.0,1405.0,63.0,31869600.0,62.0,14051400.0,2477800.0,17215600.0
2026-09-07T00:00:00,LPLI,Star Pacific Tbk,240.0,242.0,246.0,238.0,242.0,2.0,302200.0,73001200.0,306.0,242.0,43100.0,240.0,21100.0,14900.0,162400.0
2026-09-07T00:00:00,LPPF,MDS Retailing Tbk.,1605.0,1605.0,1660.0,1605.0,1655.0,50.0,3363700.0,5497282000.0,1482.0,1655.0,42100.0,1650.0,5600.0,268700.0,291600.0
2026-09-07T00:00:00,LPPS,Lenox Pasifik Investama Tbk.,82.0,82.0,83.0,81.0,82.0,0.0,801900.0,65214900.0,143.0,83.0,225500.0,82.0,3600.0,57100.0,0.0
2026-09-07T00:00:00,LRNA,Eka Sari Lorena Transport Tbk.,197.0,206.0,226.0,197.0,206.0,9.0,2981500.0,634983300.0,1113.0,206.0,400.0,204.0,47600.0,0.0,0.0
2026-09-07T00:00:00,LSIP,PP London Sumatra Indonesia Tbk.,1685.0,1690.0,1705.0,1645.0,1645.0,-40.0,7914400.0,13142711500.0,2696.0,1645.0,10500.0,1640.0,253200.0,1595400.0,3177500.0
2026-09-07T00:00:00,LTLS,Lautan Luas Tbk.,900.0,920.0,950.0,900.0,930.0,30.0,311900.0,286959500.0,226.0,930.0,28500.0,920.0,3200.0,5600.0,13200.0
2026-09-07T00:00:00,LUCK,Sentral Mitra Informatika Tbk.,117.0,117.0,118.0,114.0,116.0,-1.0,4187300.0,486771800.0,450.0,117.0,74900.0,116.0,1503400.0,0.0,0.0
2026-09-07T00:00:00,LUCY,Lima Dua Lima Tiga Tbk.,585.0,0.0,640.0,530.0,530.0,-55.0,63945300.0,36869148000.0,4295.0,530.0,61091500.0,0.0,0.0,4865000.0,9887700.0
2026-09-07T00:00:00,MABA,Marga Abhinaya Abadi Tbk.,50.0,0.0,0.0,0.0,50.0,0.0,0.0,0.0,0.0,0.0,0.0,0.0,0.0,0.0,0.0
2026-09-07T00:00:00,MAGP,Multi Agro Gemilang Plantation Tbk.,50.0,0.0,0.0,0.0,50.0,0.0,0.0,0.0,0.0,0.0,0.0,0.0,0.0,0.0,0.0
2026-09-07T00:00:00,MAHA,Mandiri Herindo Adiperkasa Tbk.,150.0,151.0,152.0,149.0,150.0,0.0,11617800.0,1746044700.0,906.0,150.0,227600.0,149.0,1081400.0,19000.0,17700.0
2026-09-07T00:00:00,MAIN,Malindo Feedmill Tbk.,690.0,695.0,695.0,680.0,690.0,0.0,1459700.0,1003134000.0,534.0,690.0,93700.0,685.0,93700.0,151900.0,443900.0
2026-09-07T00:00:00,MANG,Manggung Polahraya Tbk.,41.0,0.0,45.0,41.0,45.0,4.0,46063100.0,2036327600.0,1666.0,0.0,0.0,45.0,2057900.0,300000.0,300000.0
2026-09-07T00:00:00,MAPA,Map Aktif Adiperkasa Tbk.,700.0,705.0,705.0,685.0,690.0,-10.0,4473000.0,3104493000.0,696.0,690.0,32300.0,685.0,270800.0,2545800.0,3319400.0
2026-09-07T00:00:00,MAPB,MAP Boga Adiperkasa Tbk.,1165.0,0.0,0.0,0.0,1165.0,0.0,0.0,0.0,0.0,1160.0,100.0,0.0,0.0,0.0,0.0
2026-09-07T00:00:00,MAPI,Mitra Adiperkasa Tbk.,1425.0,1435.0,1435.0,1390.0,1390.0,-35.0,3868900.0,5427454000.0,2901.0,1395.0,22200.0,1390.0,401300.0,115400.0,1672500.0
2026-09-07T00:00:00,MARI,Mahaka Radio Integra Tbk.,23.0,0.0,0.0,0.0,23.0,0.0,0.0,0.0,0.0,0.0,0.0,0.0,0.0,0.0,0.0
2026-09-07T00:00:00,MARK,Mark Dynamics Indonesia Tbk.,1075.0,1070.0,1085.0,1065.0,1065.0,-10.0,15366800.0,16495109000.0,1769.0,1070.0,77100.0,1065.0,226000.0,2791700.0,1557600.0
2026-09-07T00:00:00,MASB,Bank Multiarta Sentosa Tbk.,3400.0,0.0,3400.0,3390.0,3400.0,0.0,10500.0,35650000.0,5.0,3400.0,5100.0,3300.0,2100.0,0.0,0.0
2026-09-07T00:00:00,MAXI,Maxindo Karya Anugerah Tbk.,50.0,50.0,50.0,50.0,50.0,0.0,7500.0,375000.0,12.0,50.0,54849800.0,0.0,0.0,0.0,0.0
2026-09-07T00:00:00,MAYA,Bank Mayapada Internasional Tbk.,200.0,202.0,202.0,197.0,198.0,-2.0,590700.0,117186800.0,169.0,200.0,62400.0,198.0,102000.0,1500.0,4300.0
2026-09-07T00:00:00,MBAP,Mitrabara Adiperdana Tbk.,1745.0,1745.0,1830.0,1705.0,1805.0,60.0,397100.0,709055500.0,383.0,1815.0,9000.0,1805.0,11100.0,23500.0,19300.0
2026-09-07T00:00:00,MBMA,Merdeka Battery Materials Tbk.,520.0,525.0,530.0,510.0,510.0,-10.0,104017500.0,53612332500.0,9508.0,515.0,4157000.0,510.0,8771500.0,6977900.0,19543200.0
2026-09-07T00:00:00,MBSS,Mitrabahtera Segara Sejati Tbk.,2840.0,2850.0,2860.0,2830.0,2860.0,20.0,585700.0,1665966000.0,181.0,2860.0,19100.0,2830.0,1456100.0,259100.0,50100.0
2026-09-07T00:00:00,MBTO,Martina Berto Tbk.,126.0,125.0,127.0,124.0,126.0,0.0,545200.0,68277500.0,141.0,127.0,130600.0,125.0,164400.0,0.0,0.0
2026-09-07T00:00:00,MCAS,M Cash Integrasi Tbk.,286.0,286.0,296.0,286.0,288.0,2.0,1311600.0,380657000.0,282.0,288.0,258500.0,286.0,30700.0,0.0,125600.0
2026-09-07T00:00:00,MCOL,Prima Andalan Mandiri Tbk.,3760.0,0.0,3800.0,3750.0,3770.0,10.0,52800.0,199868000.0,51.0,3770.0,4100.0,3760.0,18700.0,0.0,1700.0
2026-09-07T00:00:00,MCOR,Bank China Construction Bank Indonesia Tbk.,70.0,70.0,71.0,69.0,70.0,0.0,3622500.0,253573100.0,122.0,70.0,1181500.0,69.0,3238500.0,26300.0,1008800.0
2026-09-07T00:00:00,MDIA,Intermedia Capital Tbk.,216.0,206.0,250.0,192.0,250.0,34.0,1149658100.0,253518649200.0,51174.0,252.0,3985400.0,250.0,7615600.0,122918600.0,196269100.0
2026-09-07T00:00:00,MDIY,Daya Intiguna Yasa Tbk.,960.0,960.0,965.0,945.0,955.0,-5.0,692500.0,661810000.0,122.0,960.0,49400.0,945.0,1500.0,643700.0,629000.0
2026-09-07T00:00:00,MDKA,Merdeka Copper Gold Tbk.,2900.0,2900.0,2930.0,2870.0,2880.0,-20.0,18927200.0,54895569000.0,4292.0,2880.0,200.0,2870.0,409600.0,2161500.0,10276200.0
2026-09-07T00:00:00,MDKI,Emdeki Utama Tbk.,197.0,198.0,198.0,195.0,197.0,0.0,206800.0,40706400.0,72.0,198.0,149400.0,196.0,100.0,8200.0,0.0
2026-09-07T00:00:00,MDLA,Medela Potentia Tbk.,210.0,210.0,226.0,208.0,208.0,-2.0,9732200.0,2095830000.0,2050.0,212.0,176500.0,208.0,1071200.0,23100.0,3261700.0
2026-09-07T00:00:00,MDLN,Modernland Realty Tbk.,50.0,50.0,50.0,50.0,50.0,0.0,1249600.0,62480000.0,40.0,50.0,17374000.0,0.0,0.0,0.0,0.0
2026-09-07T00:00:00,MDRN,Modern Internasional Tbk.,26.0,0.0,0.0,0.0,26.0,0.0,0.0,0.0,0.0,0.0,0.0,0.0,0.0,0.0,0.0
2026-09-07T00:00:00,MEDC,Medco Energi Internasional Tbk.,1495.0,1500.0,1555.0,1480.0,1485.0,-10.0,62795200.0,95072670000.0,8521.0,1490.0,7200.0,1485.0,844800.0,12163800.0,18852700.0
2026-09-07T00:00:00,MEDS,Hetzer Medical Indonesia Tbk.,72.0,92.0,97.0,90.0,97.0,25.0,1173817400.0,111684991600.0,52881.0,0.0,0.0,97.0,175457700.0,7462100.0,5451400.0
2026-09-07T00:00:00,MEGA,Bank Mega Tbk.,1985.0,1985.0,2010.0,1970.0,1990.0,5.0,26400.0,52480500.0,58.0,1990.0,6000.0,1970.0,1000.0,0.0,100.0
2026-09-07T00:00:00,MEJA,Harta Djaya Karya Tbk.,110.0,0.0,117.0,108.0,114.0,4.0,36408600.0,4137861700.0,2038.0,115.0,1149300.0,114.0,900.0,7024200.0,4085700.0
2026-09-07T00:00:00,MENN,Menn Teknologi Indonesia Tbk.,53.0,0.0,0.0,0.0,53.0,0.0,0.0,0.0,0.0,0.0,0.0,0.0,0.0,0.0,0.0
2026-09-07T00:00:00,MERI,Merry Riana Edukasi Tbk.,122.0,122.0,125.0,121.0,121.0,-1.0,848900.0,103471200.0,199.0,123.0,325300.0,121.0,400900.0,0.0,46900.0
2026-09-07T00:00:00,MERK,Merck Tbk.,3860.0,3910.0,3930.0,3870.0,3880.0,20.0,46300.0,180622000.0,49.0,3910.0,600.0,3870.0,400.0,11000.0,9900.0
2026-09-07T00:00:00,META,Nusantara Infrastructure Tbk.,238.0,0.0,0.0,0.0,238.0,0.0,0.0,0.0,0.0,0.0,0.0,0.0,0.0,0.0,0.0
2026-09-07T00:00:00,MFMI,Multifiling Mitra Indonesia Tbk.,1300.0,0.0,0.0,0.0,1300.0,0.0,0.0,0.0,0.0,0.0,0.0,0.0,0.0,0.0,0.0
2026-09-07T00:00:00,MGLV,NexAI Digital Infrastruktur Tbk.,12275.0,0.0,13500.0,12800.0,13500.0,1225.0,425900.0,5715615000.0,299.0,0.0,0.0,13500.0,635800.0,39400.0,59300.0
2026-09-07T00:00:00,MGNA,Magna Investama Mandiri Tbk.,96.0,96.0,97.0,94.0,95.0,-1.0,1377600.0,130731800.0,215.0,95.0,130600.0,94.0,102000.0,140400.0,2400.0
2026-09-07T00:00:00,MGRO,Mahkota Group Tbk.,690.0,690.0,695.0,675.0,685.0,-5.0,3719100.0,2552310500.0,177.0,685.0,17400.0,675.0,22400.0,189400.0,142000.0
2026-09-07T00:00:00,MHKI,Multi Hanna Kreasindo Tbk.,144.0,144.0,144.0,140.0,143.0,-1.0,2748100.0,388761800.0,458.0,144.0,204400.0,143.0,103900.0,487300.0,28000.0
2026-09-07T00:00:00,MICE,Multi Indocitra Tbk.,555.0,0.0,560.0,545.0,555.0,0.0,6300.0,3496000.0,11.0,555.0,6200.0,550.0,100.0,400.0,3200.0
2026-09-07T00:00:00,MIDI,Midi Utama Indonesia Tbk.,278.0,280.0,282.0,278.0,280.0,2.0,5550300.0,1555948000.0,1085.0,280.0,81700.0,278.0,276800.0,286800.0,446600.0
2026-09-07T00:00:00,MIKA,Mitra Keluarga Karyasehat Tbk.,1905.0,1930.0,1965.0,1920.0,1945.0,40.0,6643700.0,12928055000.0,4706.0,1950.0,300.0,1945.0,39800.0,4593000.0,1337700.0
2026-09-07T00:00:00,MINA,Sanurhasta Mitra Tbk.,278.0,276.0,280.0,272.0,274.0,-4.0,37126800.0,10205301800.0,3067.0,276.0,660200.0,274.0,176200.0,10971300.0,1410200.0
2026-09-07T00:00:00,MINE,Sinar Terang Mandiri Tbk.,284.0,284.0,286.0,270.0,274.0,-10.0,2722800.0,751852400.0,664.0,278.0,38900.0,274.0,26900.0,223400.0,91500.0
2026-09-07T00:00:00,MIRA,Mitra International Resources Tbk.,25.0,0.0,25.0,24.0,25.0,0.0,6884300.0,170940400.0,420.0,25.0,1309700.0,24.0,4179100.0,0.0,0.0
2026-09-07T00:00:00,MITI,Mitra Investindo Tbk.,226.0,230.0,230.0,218.0,226.0,0.0,5015600.0,1111137600.0,487.0,228.0,329400.0,226.0,400.0,28800.0,293500.0
2026-09-07T00:00:00,MKAP,Multikarya Asia Pasifik Raya Tbk.,1125.0,1125.0,1130.0,1120.0,1120.0,-5.0,255200.0,287539500.0,36.0,1130.0,85800.0,1120.0,163600.0,43400.0,0.0
2026-09-07T00:00:00,MKNT,Mitra Komunikasi Nusantara Tbk.,1.0,0.0,0.0,0.0,1.0,0.0,0.0,0.0,0.0,0.0,0.0,0.0,0.0,0.0,0.0
2026-09-07T00:00:00,MKPI,Metropolitan Kentjana Tbk.,21975.0,0.0,21950.0,21825.0,21850.0,-125.0,41600.0,911235000.0,125.0,21875.0,100.0,21800.0,100.0,500.0,41000.0
2026-09-07T00:00:00,MKTR,Menthobi Karyatama Raya Tbk.,123.0,123.0,123.0,120.0,122.0,-1.0,1468800.0,177852900.0,155.0,124.0,34900.0,122.0,7900.0,102300.0,0.0
2026-09-07T00:00:00,MLBI,Multi Bintang Indonesia Tbk.,6975.0,6900.0,6975.0,6825.0,6825.0,-150.0,131700.0,904937500.0,417.0,6875.0,600.0,6825.0,2800.0,56500.0,5800.0
2026-09-07T00:00:00,MLIA,Mulia Industrindo Tbk,228.0,0.0,228.0,228.0,228.0,0.0,68000.0,15504000.0,33.0,228.0,1344000.0,226.0,69800.0,5000.0,3200.0
2026-09-07T00:00:00,MLPL,Multipolar Tbk.,92.0,92.0,93.0,91.0,92.0,0.0,14151900.0,1300085100.0,616.0,92.0,661200.0,91.0,3280300.0,123900.0,1710400.0
2026-09-07T00:00:00,MLPT,Multipolar Technology Tbk.,1205.0,1210.0,1245.0,1195.0,1195.0,-10.0,2023600.0,2462593500.0,1320.0,1200.0,8900.0,1195.0,114800.0,131700.0,883800.0
2026-09-07T00:00:00,MMIX,Multi Medika Internasional Tbk.,800.0,800.0,830.0,785.0,805.0,5.0,52472000.0,42414102500.0,6310.0,805.0,227400.0,800.0,16369700.0,2677300.0,16555900.0
2026-09-07T00:00:00,MMLP,Mega Manunggal Property Tbk.,306.0,306.0,308.0,302.0,306.0,0.0,401400.0,122202600.0,114.0,306.0,188300.0,302.0,59300.0,2100.0,1200.0
2026-09-07T00:00:00,MNCN,Media Nusantara Citra Tbk.,200.0,200.0,214.0,198.0,210.0,10.0,84501800.0,17326110900.0,3348.0,210.0,448600.0,208.0,335600.0,25484900.0,32844600.0
2026-09-07T00:00:00,MOLI,Madusari Murni Indah Tbk.,314.0,314.0,318.0,312.0,318.0,4.0,2610500.0,822471000.0,406.0,318.0,225800.0,316.0,88300.0,211800.0,42900.0
2026-09-07T00:00:00,MORA,Ekamas Mora Republik Tbk.,5400.0,5500.0,5500.0,5400.0,5450.0,50.0,253200.0,1378802500.0,337.0,5475.0,17200.0,5425.0,100.0,37000.0,27600.0
2026-09-07T00:00:00,MPIX,Mitra Pedagang Indonesia Tbk.,117.0,119.0,119.0,116.0,116.0,-1.0,10048100.0,1180311900.0,860.0,117.0,244000.0,116.0,315400.0,318600.0,881400.0
2026-09-07T00:00:00,MPMX,Mitra Pinasthika Mustika Tbk.,1030.0,1030.0,1045.0,1030.0,1045.0,15.0,4263200.0,4440219000.0,1169.0,1045.0,469400.0,1040.0,653700.0,908600.0,9300.0
2026-09-07T00:00:00,MPOW,Megapower Makmur Tbk.,115.0,115.0,117.0,112.0,114.0,-1.0,12887200.0,1464463200.0,1532.0,114.0,20200.0,113.0,115600.0,1193400.0,230500.0
2026-09-07T00:00:00,MPPA,Matahari Putra Prima Tbk.,45.0,0.0,45.0,44.0,44.0,-1.0,3516700.0,155793200.0,221.0,44.0,5077600.0,43.0,1018400.0,0.0,0.0
2026-09-07T00:00:00,MPRO,Maha Properti Indonesia Tbk.,12300.0,0.0,12150.0,11900.0,12000.0,-300.0,4500.0,53725000.0,34.0,12050.0,200.0,11900.0,700.0,0.0,900.0
2026-09-07T00:00:00,MPXL,MPX Logistics International Tbk.,164.0,163.0,170.0,163.0,168.0,4.0,632000.0,105069300.0,224.0,168.0,8100.0,167.0,1000.0,23800.0,5000.0
2026-09-07T00:00:00,MRAT,Mustika Ratu Tbk.,416.0,416.0,416.0,412.0,414.0,-2.0,76400.0,31625400.0,58.0,414.0,11200.0,412.0,3600.0,0.0,400.0
2026-09-07T00:00:00,MREI,Maskapai Reasuransi Indonesia Tbk.,920.0,0.0,0.0,0.0,920.0,0.0,0.0,0.0,0.0,0.0,0.0,0.0,0.0,0.0,0.0
2026-09-07T00:00:00,MSIE,Multisarana Intan Eduka Tbk.,123.0,0.0,135.0,124.0,135.0,12.0,29710400.0,3962901400.0,2430.0,0.0,0.0,135.0,189100.0,0.0,0.0
2026-09-07T00:00:00,MSIN,MNC Digital Entertainment Tbk.,316.0,316.0,324.0,308.0,324.0,8.0,88111300.0,27867592600.0,15856.0,324.0,961400.0,322.0,27500.0,42600000.0,39804200.0
2026-09-07T00:00:00,MSJA,Multi Spunindo Jaya Tbk.,450.0,464.0,550.0,452.0,525.0,75.0,19293800.0,9276159600.0,1678.0,525.0,5100.0,520.0,4500.0,6754900.0,7677700.0
2026-09-07T00:00:00,MSKY,MNC Sky Vision Tbk.,65.0,65.0,67.0,64.0,66.0,1.0,6886500.0,450331700.0,322.0,66.0,149700.0,65.0,146900.0,0.0,35800.0
2026-09-07T00:00:00,MSTI,Mastersystem Infotama Tbk.,1350.0,1355.0,1360.0,1340.0,1340.0,-10.0,1295300.0,1748350500.0,388.0,1350.0,1000.0,1340.0,101700.0,297500.0,206200.0
2026-09-07T00:00:00,MTDL,Metrodata Electronics Tbk.,520.0,520.0,525.0,515.0,525.0,5.0,4229500.0,2204395000.0,894.0,525.0,63800.0,520.0,31900.0,70300.0,1708400.0
2026-09-07T00:00:00,MTEL,Dayamitra Telekomunikasi Tbk.,490.0,478.0,490.0,478.0,490.0,0.0,33927000.0,16405318800.0,2282.0,490.0,1595000.0,488.0,439800.0,6360400.0,8302000.0
2026-09-07T00:00:00,MTFN,Capitalinc Investment Tbk.,13.0,0.0,0.0,0.0,13.0,0.0,0.0,0.0,0.0,0.0,0.0,0.0,0.0,0.0,0.0
2026-09-07T00:00:00,MTLA,Metropolitan Land Tbk.,535.0,535.0,535.0,525.0,535.0,0.0,8200.0,4355000.0,13.0,535.0,6200.0,530.0,100.0,0.0,0.0
2026-09-07T00:00:00,MTMH,Murni Sadar Tbk.,970.0,975.0,975.0,965.0,965.0,-5.0,1900.0,1841500.0,13.0,995.0,10000.0,965.0,1100.0,0.0,100.0
2026-09-07T00:00:00,MTPS,Meta Epsi Tbk.,81.0,0.0,0.0,0.0,81.0,0.0,0.0,0.0,0.0,0.0,0.0,0.0,0.0,0.0,0.0
2026-09-07T00:00:00,MTRA,Mitra Pemuda Tbk.,244.0,0.0,0.0,0.0,244.0,0.0,0.0,0.0,0.0,0.0,0.0,0.0,0.0,0.0,0.0
2026-09-07T00:00:00,MTSM,Metro Realty Tbk.,500.0,0.0,0.0,0.0,500.0,0.0,0.0,0.0,0.0,0.0,0.0,0.0,0.0,0.0,0.0
2026-09-07T00:00:00,MTWI,Malacca Trust Wuwungan Insurance Tbk.,270.0,270.0,270.0,262.0,268.0,-2.0,42100.0,11191400.0,44.0,268.0,33600.0,262.0,200.0,0.0,800.0
2026-09-07T00:00:00,MUTU,Mutuagung Lestari Tbk.,122.0,122.0,124.0,120.0,121.0,-1.0,7211500.0,878516500.0,843.0,122.0,364300.0,121.0,719100.0,847600.0,409700.0
2026-09-07T00:00:00,MYOH,Samindo Resources Tbk.,1160.0,1170.0,1175.0,1130.0,1140.0,-20.0,122000.0,139580500.0,130.0,1140.0,1100.0,1135.0,3200.0,12900.0,62900.0
2026-09-07T00:00:00,MYOR,Mayora Indah Tbk.,1560.0,1560.0,1570.0,1530.0,1530.0,-30.0,23091800.0,35591029000.0,8155.0,1535.0,11900.0,1530.0,1671900.0,2456500.0,8222600.0
2026-09-07T00:00:00,MYTX,Asia Pacific Investama Tbk.,41.0,0.0,0.0,0.0,41.0,0.0,0.0,0.0,0.0,0.0,0.0,0.0,0.0,0.0,0.0
2026-09-07T00:00:00,NAIK,Adiwarna Anugerah Abadi Tbk.,95.0,95.0,98.0,95.0,96.0,1.0,6306300.0,605497200.0,677.0,97.0,954400.0,96.0,44700.0,16200.0,648900.0
2026-09-07T00:00:00,NANO,Nanotech Indonesia Global Tbk.,33.0,0.0,34.0,33.0,34.0,1.0,22584500.0,761499600.0,610.0,34.0,5336400.0,33.0,15222400.0,0.0,0.0
2026-09-07T00:00:00,NASA,Andalan Perkasa Abadi Tbk.,30.0,0.0,31.0,30.0,31.0,1.0,535900.0,16200400.0,45.0,31.0,788900.0,30.0,56500.0,0.0,0.0
2026-09-07T00:00:00,NASI,Wahana Inti Makmur Tbk.,152.0,152.0,162.0,151.0,159.0,7.0,10574300.0,1659620500.0,1169.0,159.0,33000.0,157.0,162300.0,0.0,2000.0
2026-09-07T00:00:00,NATO,Olympus Strategic Indonesia Tbk.,1265.0,0.0,0.0,0.0,1265.0,0.0,0.0,0.0,0.0,0.0,0.0,0.0,0.0,0.0,0.0
2026-09-07T00:00:00,NAYZ,Hassana Boga Sejahtera Tbk.,74.0,0.0,77.0,72.0,74.0,0.0,38487600.0,2892550900.0,1422.0,75.0,618700.0,74.0,133400.0,1442600.0,13009500.0
2026-09-07T00:00:00,NCKL,Trimegah Bangun Persada Tbk.,955.0,955.0,960.0,940.0,940.0,-15.0,54115200.0,51302741500.0,8825.0,945.0,724600.0,940.0,7765600.0,13140000.0,19807700.0
2026-09-07T00:00:00,NELY,Pelayaran Nelly Dwi Putri Tbk.,214.0,216.0,222.0,208.0,208.0,-6.0,1770100.0,376813200.0,340.0,208.0,65200.0,206.0,115400.0,0.0,0.0
2026-09-07T00:00:00,NEST,Esta Indonesia Tbk.,740.0,735.0,750.0,725.0,750.0,10.0,12397300.0,9135992000.0,10463.0,750.0,210800.0,745.0,100000.0,622300.0,865500.0
2026-09-07T00:00:00,NETV,MDTV Media Technologies Tbk.,50.0,50.0,50.0,50.0,50.0,0.0,1528400.0,76420000.0,121.0,50.0,36781900.0,0.0,0.0,100000.0,0.0
2026-09-07T00:00:00,NFCX,NFC Indonesia Tbk.,1700.0,0.0,1720.0,1665.0,1720.0,20.0,12500.0,21253500.0,13.0,1775.0,500.0,1720.0,800.0,0.0,0.0
2026-09-07T00:00:00,NICE,Adhi Kartiko Pratama Tbk.,378.0,378.0,386.0,370.0,372.0,-6.0,1641700.0,619335400.0,525.0,376.0,19000.0,372.0,26900.0,186200.0,135300.0
2026-09-07T00:00:00,NICK,Charnic Capital Tbk.,2440.0,2440.0,2660.0,2400.0,2400.0,-40.0,33800.0,82710000.0,97.0,2460.0,3400.0,2400.0,2200.0,200.0,100.0
2026-09-07T00:00:00,NICL,PAM Mineral Tbk.,494.0,494.0,500.0,480.0,482.0,-12.0,54418200.0,26654852600.0,4278.0,482.0,168200.0,480.0,557100.0,3002500.0,4334900.0
2026-09-07T00:00:00,NIKL,Pelat Timah Nusantara Tbk.,230.0,228.0,234.0,220.0,226.0,-4.0,22670300.0,5125017400.0,2514.0,226.0,412300.0,224.0,100300.0,3457700.0,3002100.0
2026-09-07T00:00:00,NINE,Techno9 Indonesia Tbk.,94.0,0.0,97.0,92.0,94.0,0.0,5335500.0,503621700.0,420.0,95.0,142300.0,94.0,107900.0,142300.0,125600.0
2026-09-07T00:00:00,NIRO,City Retail Developments Tbk.,167.0,169.0,218.0,169.0,180.0,13.0,7282700.0,1394039500.0,2024.0,184.0,1300.0,180.0,6400.0,206200.0,254100.0
2026-09-07T00:00:00,NISP,Bank OCBC NISP Tbk.,1250.0,1245.0,1250.0,1240.0,1245.0,-5.0,9256000.0,11531211000.0,921.0,1250.0,40900.0,1245.0,16900.0,637400.0,7464300.0
2026-09-07T00:00:00,NOBU,Bank Nationalnobu Tbk.,540.0,540.0,560.0,535.0,550.0,10.0,4460600.0,2441011000.0,351.0,555.0,11100.0,550.0,1139100.0,5000.0,592200.0
2026-09-07T00:00:00,NPGF,Nusa Palapa Gemilang Tbk.,58.0,58.0,59.0,56.0,58.0,0.0,24953200.0,1445339700.0,1857.0,58.0,563500.0,57.0,4538200.0,527000.0,451600.0
2026-09-07T00:00:00,NRCA,Nusa Raya Cipta Tbk.,575.0,565.0,570.0,545.0,560.0,-15.0,5693800.0,3195071000.0,1278.0,565.0,23900.0,560.0,34400.0,1305100.0,764000.0
2026-09-07T00:00:00,NSSS,Nusantara Sawit Sejahtera Tbk.,875.0,875.0,875.0,840.0,855.0,-20.0,4655200.0,3973993000.0,1327.0,855.0,800.0,850.0,654400.0,274400.0,143200.0
2026-09-07T00:00:00,NTBK,Nusatama Berkah Tbk.,88.0,88.0,89.0,86.0,87.0,-1.0,35030200.0,3051410300.0,2480.0,87.0,765800.0,86.0,4496300.0,1613200.0,6661500.0
2026-09-07T00:00:00,NUSA,Sinergi Megah Internusa Tbk.,50.0,0.0,0.0,0.0,50.0,0.0,0.0,0.0,0.0,0.0,0.0,0.0,0.0,0.0,0.0
2026-09-07T00:00:00,NZIA,Nusantara Almazia Tbk.,174.0,170.0,230.0,168.0,228.0,54.0,94920000.0,18411487200.0,9866.0,228.0,7086100.0,226.0,100.0,3663800.0,4866400.0
2026-09-07T00:00:00,OASA,Maharaksa Biru Energi Tbk.,320.0,318.0,320.0,312.0,320.0,0.0,26686800.0,8431203200.0,2459.0,320.0,509600.0,318.0,259200.0,1234600.0,2261800.0
2026-09-07T00:00:00,OBAT,Brigit Biofarmaka Teknologi Tbk.,230.0,242.0,280.0,242.0,258.0,28.0,6627100.0,1723794200.0,2438.0,260.0,32100.0,256.0,10200.0,40500.0,29500.0
2026-09-07T00:00:00,OBMD,OBM Drilchem Tbk.,186.0,186.0,199.0,186.0,192.0,6.0,2361900.0,454896000.0,906.0,193.0,12800.0,192.0,82200.0,9500.0,9300.0
2026-09-07T00:00:00,OCAP,Onix Capital Tbk.,159.0,0.0,0.0,0.0,159.0,0.0,0.0,0.0,0.0,0.0,0.0,0.0,0.0,0.0,0.0
2026-09-07T00:00:00,OILS,Indo Oil Perkasa Tbk.,284.0,282.0,282.0,274.0,278.0,-6.0,5722100.0,1595102600.0,691.0,280.0,302900.0,278.0,50300.0,1395200.0,32300.0
2026-09-07T00:00:00,OKAS,Ancora Indonesia Resources Tbk.,121.0,121.0,124.0,121.0,122.0,1.0,3729100.0,456501900.0,481.0,123.0,154800.0,122.0,160700.0,0.0,184600.0
2026-09-07T00:00:00,OLIV,Atlas Nexus Group Tbk.,53.0,0.0,58.0,50.0,58.0,5.0,57403700.0,3228503500.0,2924.0,0.0,0.0,58.0,3423300.0,1053500.0,3048200.0
2026-09-07T00:00:00,OMED,Jayamas Medica Industri Tbk.,248.0,298.0,300.0,252.0,252.0,4.0,245056600.0,66082775000.0,17466.0,254.0,595700.0,252.0,13683900.0,10144700.0,65526300.0
2026-09-07T00:00:00,OMRE,Indonesia Prima Property Tbk,975.0,0.0,1095.0,990.0,1000.0,25.0,23400.0,24152000.0,40.0,1035.0,100.0,1000.0,700.0,200.0,900.0
2026-09-07T00:00:00,OPMS,Optima Prima Metal Sinergi Tbk.,122.0,122.0,124.0,122.0,123.0,1.0,1904000.0,234753400.0,191.0,123.0,25500.0,122.0,696600.0,300700.0,287000.0
2026-09-07T00:00:00,PACK,Abadi Nusantara Hijau Investama Tbk.,560.0,0.0,0.0,0.0,560.0,0.0,0.0,0.0,0.0,0.0,0.0,0.0,0.0,0.0,0.0
2026-09-07T00:00:00,PADA,Personel Alih Daya Tbk.,222.0,224.0,228.0,216.0,224.0,2.0,38408200.0,8538438600.0,2955.0,224.0,203400.0,222.0,474200.0,1420300.0,1936500.0
2026-09-07T00:00:00,PADI,Minna Padi Investama Sekuritas Tbk.,72.0,72.0,72.0,70.0,71.0,-1.0,138705400.0,9839786400.0,5583.0,71.0,195600.0,70.0,63422300.0,7376800.0,11943700.0
2026-09-07T00:00:00,PALM,Provident Investasi Bersama Tbk.,294.0,294.0,294.0,284.0,292.0,-2.0,390600.0,112723400.0,131.0,292.0,232800.0,290.0,28800.0,900.0,1000.0
2026-09-07T00:00:00,PAMG,Bima Sakti Pertiwi Tbk.,56.0,56.0,57.0,55.0,56.0,0.0,3966900.0,222231100.0,274.0,57.0,2869600.0,56.0,1616000.0,111900.0,25400.0
2026-09-07T00:00:00,PANI,Pantai Indah Kapuk Dua Tbk.,6025.0,6025.0,6075.0,5925.0,5950.0,-75.0,5708300.0,34098025000.0,2927.0,5975.0,9600.0,5950.0,800.0,742100.0,893300.0
2026-09-07T00:00:00,PANR,Panorama Sentrawisata Tbk.,430.0,428.0,430.0,426.0,428.0,-2.0,37300.0,15950600.0,40.0,428.0,14600.0,426.0,17800.0,0.0,0.0
2026-09-07T00:00:00,PANS,Panin Sekuritas Tbk.,1605.0,1605.0,1645.0,1605.0,1640.0,35.0,372700.0,605999500.0,259.0,1640.0,30400.0,1635.0,48500.0,0.0,800.0
2026-09-07T00:00:00,PART,Cipta Perdana Lancar Tbk.,112.0,107.0,111.0,104.0,105.0,-7.0,19867700.0,2121721300.0,1915.0,106.0,5000.0,105.0,265000.0,2896100.0,96400.0
2026-09-07T00:00:00,PBID,Panca Budi Idaman Tbk.,530.0,530.0,535.0,525.0,530.0,0.0,1055600.0,555931500.0,302.0,530.0,935400.0,525.0,228000.0,46500.0,2300.0
2026-09-07T00:00:00,PBRX,Pan Brothers Tbk.,28.0,0.0,27.0,27.0,27.0,-1.0,7535600.0,203461200.0,237.0,27.0,4026600.0,26.0,8155100.0,400000.0,0.0
2026-09-07T00:00:00,PBSA,Paramita Bangun Sarana Tbk.,815.0,820.0,825.0,800.0,820.0,5.0,715000.0,580787000.0,250.0,820.0,200.0,810.0,9000.0,18000.0,110600.0
2026-09-07T00:00:00,PCAR,Prima Cakrawala Abadi Tbk.,42.0,0.0,43.0,42.0,43.0,1.0,1216200.0,51137400.0,88.0,43.0,1263200.0,42.0,5820000.0,0.0,0.0
2026-09-07T00:00:00,PDES,Destinasi Tirta Nusantara Tbk,384.0,384.0,384.0,372.0,382.0,-2.0,127200.0,47871000.0,105.0,382.0,3400.0,376.0,2800.0,17500.0,5000.0
2026-09-07T00:00:00,PDPP,Primadaya Plastisindo Tbk.,322.0,322.0,324.0,308.0,320.0,-2.0,355200.0,113433400.0,69.0,320.0,13800.0,318.0,2600.0,26000.0,0.0
2026-09-07T00:00:00,PEGE,Panca Global Kapital Tbk.,125.0,127.0,133.0,125.0,129.0,4.0,17470500.0,2252566100.0,1200.0,129.0,74200.0,128.0,7900.0,6813700.0,616300.0
2026-09-07T00:00:00,PEHA,Phapros Tbk.,308.0,350.0,370.0,322.0,328.0,20.0,8642200.0,2966477200.0,2531.0,332.0,6800.0,328.0,1000.0,486700.0,429000.0
2026-09-07T00:00:00,PEVE,Penta Valent Tbk.,320.0,324.0,360.0,320.0,326.0,6.0,1336700.0,441393600.0,377.0,326.0,500.0,320.0,9800.0,75700.0,136700.0
2026-09-07T00:00:00,PGAS,Perusahaan Gas Negara (Persero) Tbk.,1520.0,1490.0,1525.0,1490.0,1520.0,0.0,28201200.0,42516221500.0,4833.0,1525.0,1590100.0,1520.0,25000.0,6274900.0,8783200.0
2026-09-07T00:00:00,PGEO,Pertamina Geothermal Energy Tbk.,1035.0,1050.0,1050.0,1025.0,1025.0,-10.0,4825600.0,4992615500.0,2066.0,1030.0,139400.0,1025.0,1237300.0,294800.0,401400.0
2026-09-07T00:00:00,PGJO,Bahtera Bumi Raya Tbk.,935.0,0.0,935.0,855.0,920.0,-15.0,1592900.0,1420385500.0,878.0,925.0,11000.0,920.0,2000.0,0.0,297400.0
2026-09-07T00:00:00,PGLI,Pembangunan Graha Lestari Indah Tbk.,214.0,230.0,230.0,208.0,216.0,2.0,561000.0,119560800.0,151.0,216.0,11600.0,212.0,2900.0,0.0,0.0
2026-09-07T00:00:00,PGUN,Pradiksi Gunatama Tbk.,9700.0,9650.0,9800.0,9600.0,9650.0,-50.0,29800.0,288180000.0,67.0,9750.0,200.0,9675.0,100.0,0.0,1800.0
2026-09-07T00:00:00,PICO,Pelangi Indah Canindo Tbk,184.0,185.0,194.0,180.0,187.0,3.0,5763100.0,1074152700.0,1229.0,188.0,120000.0,187.0,209300.0,365900.0,916300.0
2026-09-07T00:00:00,PIPA,Oxala Energy International Tbk.,197.0,199.0,202.0,196.0,199.0,2.0,41281700.0,8215841400.0,3915.0,200.0,7484200.0,199.0,10800.0,7814200.0,3791500.0
2026-09-07T00:00:00,PJAA,Pembangunan Jaya Ancol Tbk.,468.0,466.0,466.0,460.0,460.0,-8.0,95700.0,44322000.0,70.0,462.0,551300.0,460.0,18500.0,0.0,0.0
2026-09-07T00:00:00,PJHB,Pelayaran Jaya Hidup Baru Tbk.,187.0,186.0,188.0,185.0,186.0,-1.0,2046800.0,380638400.0,458.0,186.0,79800.0,185.0,197100.0,0.0,46100.0
2026-09-07T00:00:00,PKPK,Paragon Karya Perkasa Tbk.,4380.0,4350.0,4790.0,4200.0,4530.0,150.0,8159700.0,37201328000.0,3767.0,4540.0,40900.0,4530.0,9600.0,1145200.0,1254000.0
2026-09-07T00:00:00,PLAN,Planet Properindo Jaya Tbk.,61.0,0.0,67.0,61.0,67.0,6.0,9124200.0,611220700.0,325.0,0.0,0.0,67.0,9032400.0,0.0,0.0
2026-09-07T00:00:00,PLAS,Polaris Investama Tbk,50.0,0.0,0.0,0.0,50.0,0.0,0.0,0.0,0.0,0.0,0.0,0.0,0.0,0.0,0.0
2026-09-07T00:00:00,PLIN,Plaza Indonesia Realty Tbk.,2510.0,0.0,0.0,0.0,2510.0,0.0,0.0,0.0,0.0,0.0,0.0,0.0,0.0,0.0,0.0
2026-09-07T00:00:00,PMJS,Putra Mandiri Jembar Tbk.,149.0,149.0,149.0,146.0,148.0,-1.0,1097400.0,161323000.0,175.0,148.0,1300.0,147.0,31800.0,21400.0,3000.0
2026-09-07T00:00:00,PMMP,Panca Mitra Multiperdana Tbk.,50.0,0.0,0.0,0.0,50.0,0.0,0.0,0.0,0.0,0.0,0.0,0.0,0.0,0.0,0.0
2026-09-07T00:00:00,PMUI,Prima Multi Usaha Indonesia Tbk.,106.0,105.0,107.0,103.0,104.0,-2.0,3720400.0,388724000.0,368.0,105.0,307800.0,104.0,115500.0,989900.0,271100.0
2026-09-07T00:00:00,PNBN,Bank Pan Indonesia Tbk,925.0,930.0,930.0,905.0,915.0,-10.0,2306600.0,2109519000.0,325.0,915.0,204600.0,910.0,126300.0,302800.0,216400.0
2026-09-07T00:00:00,PNBS,Bank Panin Dubai Syariah Tbk.,50.0,50.0,50.0,50.0,50.0,0.0,248100.0,12405000.0,42.0,50.0,31616000.0,0.0,0.0,0.0,0.0
2026-09-07T00:00:00,PNGO,AEP Pinago Plantations Tbk.,3500.0,0.0,3590.0,3590.0,3590.0,90.0,4700.0,16873000.0,22.0,3590.0,5400.0,3500.0,300.0,0.0,0.0
2026-09-07T00:00:00,PNIN,Paninvest Tbk.,730.0,730.0,735.0,725.0,730.0,0.0,25900.0,18898000.0,31.0,730.0,209100.0,725.0,2300.0,0.0,0.0
2026-09-07T00:00:00,PNLF,Panin Financial Tbk.,228.0,228.0,230.0,226.0,228.0,0.0,10618900.0,2421226600.0,330.0,230.0,3426300.0,228.0,993400.0,1007200.0,1179500.0
2026-09-07T00:00:00,PNSE,Pudjiadi & Sons Tbk.,496.0,500.0,505.0,484.0,496.0,0.0,11700.0,5780200.0,26.0,496.0,100.0,488.0,300.0,0.0,300.0
2026-09-07T00:00:00,POLA,Pool Advista Finance Tbk.,53.0,54.0,54.0,52.0,52.0,-1.0,1894500.0,100152800.0,209.0,53.0,243500.0,52.0,3182300.0,21600.0,33900.0
2026-09-07T00:00:00,POLI,Pollux Hotels Group Tbk.,1015.0,1015.0,1035.0,950.0,995.0,-20.0,23100.0,22485500.0,89.0,995.0,37800.0,960.0,400.0,0.0,2100.0
2026-09-07T00:00:00,POLL,Pollux Properties Indonesia Tbk.,112.0,0.0,0.0,0.0,112.0,0.0,0.0,0.0,0.0,0.0,0.0,0.0,0.0,0.0,0.0
2026-09-07T00:00:00,POLU,Golden Flower Tbk.,18475.0,18475.0,18500.0,17350.0,17975.0,-500.0,20000.0,354460000.0,129.0,17975.0,900.0,17375.0,100.0,400.0,200.0
2026-09-07T00:00:00,POLY,Asia Pacific Fibers Tbk,32.0,0.0,0.0,0.0,32.0,0.0,0.0,0.0,0.0,0.0,0.0,0.0,0.0,0.0,0.0
2026-09-07T00:00:00,POOL,Pool Advista Indonesia Tbk.,50.0,0.0,0.0,0.0,50.0,0.0,0.0,0.0,0.0,0.0,0.0,0.0,0.0,0.0,0.0
2026-09-07T00:00:00,PORT,Nusantara Pelabuhan Handal Tbk.,890.0,0.0,980.0,895.0,915.0,25.0,37200.0,34323500.0,84.0,915.0,700.0,905.0,1500.0,2100.0,1300.0
2026-09-07T00:00:00,POSA,Bliss Properti Indonesia Tbk.,50.0,0.0,0.0,0.0,50.0,0.0,0.0,0.0,0.0,0.0,0.0,0.0,0.0,0.0,0.0
2026-09-07T00:00:00,POWR,Cikarang Listrindo Tbk.,900.0,925.0,940.0,910.0,920.0,20.0,8457600.0,7810424500.0,1349.0,920.0,42400.0,915.0,525100.0,3007900.0,510400.0
2026-09-07T00:00:00,PPGL,Prima Globalindo Logistik Tbk.,468.0,0.0,0.0,0.0,468.0,0.0,0.0,0.0,0.0,0.0,0.0,0.0,0.0,0.0,0.0
2026-09-07T00:00:00,PPRE,PP Presisi Tbk.,108.0,107.0,108.0,106.0,106.0,-2.0,18593400.0,1975949900.0,1331.0,107.0,825300.0,106.0,740600.0,2853500.0,2537500.0
2026-09-07T00:00:00,PPRI,Paperocks Indonesia Tbk.,163.0,160.0,180.0,151.0,169.0,6.0,57363800.0,9675206400.0,6673.0,169.0,135500.0,168.0,15500.0,602400.0,602400.0
2026-09-07T00:00:00,PPRO,PP Properti Tbk.,16.0,0.0,16.0,15.0,15.0,-1.0,11064100.0,166446100.0,271.0,16.0,16512200.0,15.0,36442800.0,0.0,0.0
2026-09-07T00:00:00,PRAY,Famon Awal Bros Sedaya Tbk.,750.0,755.0,755.0,745.0,745.0,-5.0,17600.0,13186500.0,25.0,750.0,14100.0,745.0,27700.0,0.0,1500.0
2026-09-07T00:00:00,PRDA,Prodia Widyahusada Tbk.,2820.0,2850.0,2940.0,2690.0,2770.0,-50.0,5500900.0,15428755000.0,2624.0,2780.0,10000.0,2770.0,700.0,647500.0,2931200.0
2026-09-07T00:00:00,PRDL,Prodia Diagnostic Line Tbk.,250.0,256.0,290.0,254.0,256.0,6.0,161066500.0,44033514200.0,21304.0,258.0,31700.0,256.0,656700.0,12095100.0,12610400.0
2026-09-07T00:00:00,PRIM,Royal Prima Tbk.,117.0,124.0,134.0,120.0,123.0,6.0,67941200.0,8628249400.0,5468.0,124.0,3300.0,123.0,729600.0,3914500.0,9276000.0
2026-09-07T00:00:00,PSAB,J Resources Asia Pasifik Tbk.,570.0,560.0,560.0,545.0,560.0,-10.0,67211100.0,37035553500.0,8119.0,565.0,1149300.0,560.0,2969200.0,6245500.0,23451000.0
2026-09-07T00:00:00,PSAT,Pancaran Samudera Transport Tbk.,905.0,900.0,915.0,890.0,900.0,-5.0,215500.0,194105500.0,129.0,900.0,13300.0,890.0,5600.0,0.0,0.0
2026-09-07T00:00:00,PSDN,Prasidha Aneka Niaga Tbk,137.0,138.0,147.0,137.0,144.0,7.0,22380000.0,3217440500.0,2824.0,145.0,114900.0,144.0,144900.0,3141700.0,2631400.0
2026-09-07T00:00:00,PSGO,Palma Serasih Tbk.,197.0,197.0,200.0,196.0,197.0,0.0,564700.0,111276600.0,133.0,197.0,93200.0,196.0,29700.0,14200.0,4700.0
2026-09-07T00:00:00,PSKT,Red Planet Indonesia Tbk.,242.0,242.0,246.0,236.0,238.0,-4.0,11385300.0,2736705600.0,708.0,240.0,1000.0,238.0,301600.0,874900.0,279500.0
2026-09-07T00:00:00,PSSI,IMC Pelita Logistik Tbk.,344.0,346.0,358.0,346.0,352.0,8.0,301900.0,106672600.0,84.0,354.0,21200.0,352.0,14500.0,0.0,50000.0
2026-09-07T00:00:00,PTBA,Bukit Asam (Persero) Tbk.,2880.0,2900.0,3040.0,2900.0,3010.0,130.0,92569800.0,277895780000.0,25758.0,3010.0,1133100.0,3000.0,152400.0,37808000.0,20418600.0
2026-09-07T00:00:00,PTDU,Djasa Ubersakti Tbk.,70.0,0.0,0.0,0.0,70.0,0.0,0.0,0.0,0.0,0.0,0.0,0.0,0.0,0.0,0.0
2026-09-07T00:00:00,PTIS,Indo Straits Tbk.,254.0,254.0,256.0,248.0,254.0,0.0,100100.0,25082600.0,56.0,254.0,35700.0,250.0,10400.0,0.0,0.0
2026-09-07T00:00:00,PTMP,Mitra Pack Tbk.,65.0,65.0,66.0,64.0,65.0,0.0,12206400.0,796096800.0,617.0,65.0,629400.0,64.0,4203200.0,0.0,224500.0
2026-09-07T00:00:00,PTMR,Master Print Tbk.,374.0,0.0,0.0,0.0,374.0,0.0,0.0,0.0,0.0,0.0,0.0,0.0,0.0,0.0,0.0
2026-09-07T00:00:00,PTPP,PP (Persero) Tbk.,212.0,212.0,212.0,206.0,210.0,-2.0,6074700.0,1271942400.0,635.0,212.0,401400.0,210.0,120600.0,342000.0,1136900.0
2026-09-07T00:00:00,PTPS,Pulau Subur Tbk.,167.0,167.0,168.0,165.0,166.0,-1.0,1660600.0,276078400.0,377.0,166.0,317700.0,165.0,642100.0,72800.0,3200.0
2026-09-07T00:00:00,PTPW,Pratama Widya Tbk.,1185.0,1180.0,1195.0,1180.0,1190.0,5.0,32100.0,38027500.0,45.0,1195.0,3200.0,1190.0,2600.0,5100.0,0.0
2026-09-07T00:00:00,PTRO,Petrosea Tbk.,5375.0,5400.0,5675.0,5300.0,5450.0,75.0,65301200.0,359788280000.0,21077.0,5475.0,114700.0,5450.0,502500.0,8430400.0,11780600.0
2026-09-07T00:00:00,PTSN,Sat Nusapersada Tbk,302.0,302.0,306.0,292.0,298.0,-4.0,627400.0,186763400.0,175.0,298.0,15100.0,296.0,100.0,27600.0,2500.0
2026-09-07T00:00:00,PTSP,Pioneerindo Gourmet International Tbk.,1390.0,1330.0,1350.0,1185.0,1270.0,-120.0,937600.0,1166132000.0,1148.0,1270.0,41300.0,1240.0,1000.0,24700.0,25100.0
2026-09-07T00:00:00,PUDP,Pudjiadi Prestige Tbk.,276.0,276.0,276.0,268.0,274.0,-2.0,108100.0,29343400.0,71.0,274.0,10600.0,270.0,22000.0,0.0,0.0
2026-09-07T00:00:00,PURA,Putra Rajawali Kencana Tbk.,32.0,0.0,32.0,31.0,32.0,0.0,5594800.0,174852800.0,178.0,32.0,5826800.0,31.0,1543100.0,0.0,0.0
2026-09-07T00:00:00,PURE,Trinitan Metals and Minerals Tbk.,51.0,0.0,0.0,0.0,51.0,0.0,0.0,0.0,0.0,0.0,0.0,0.0,0.0,0.0,0.0
2026-09-07T00:00:00,PURI,Puri Global Sukses Tbk.,151.0,149.0,157.0,149.0,153.0,2.0,6700600.0,1028251600.0,564.0,153.0,117200.0,152.0,256100.0,33700.0,34900.0
2026-09-07T00:00:00,PWON,Pakuwon Jati Tbk.,276.0,274.0,280.0,274.0,278.0,2.0,29384800.0,8140362200.0,3189.0,280.0,4901400.0,278.0,45500.0,14231600.0,5013000.0
2026-09-07T00:00:00,PYFA,Pyridam Farma Tbk,276.0,296.0,314.0,280.0,280.0,4.0,136366000.0,40709016000.0,10784.0,282.0,222000.0,280.0,5705600.0,11159600.0,19305300.0
2026-09-07T00:00:00,PZZA,Sarimelati Kencana Tbk.,194.0,194.0,212.0,193.0,199.0,5.0,9111500.0,1862132800.0,1166.0,200.0,118300.0,199.0,673100.0,275600.0,968100.0
2026-09-07T00:00:00,RAAM,Tripar Multivision Plus Tbk.,185.0,185.0,191.0,182.0,185.0,0.0,1581300.0,292429500.0,356.0,187.0,125400.0,184.0,217100.0,1900.0,3300.0
2026-09-07T00:00:00,RAFI,Sari Kreasi Boga Tbk.,36.0,0.0,0.0,0.0,36.0,0.0,0.0,0.0,0.0,0.0,0.0,0.0,0.0,0.0,0.0
2026-09-07T00:00:00,RAJA,Rukun Raharja Tbk.,810.0,810.0,825.0,795.0,800.0,-10.0,58953500.0,47581151500.0,7039.0,805.0,215300.0,800.0,6600900.0,8137600.0,10935700.0
2026-09-07T00:00:00,RALS,Ramayana Lestari Sentosa Tbk.,384.0,386.0,388.0,382.0,386.0,2.0,2333200.0,900067800.0,519.0,388.0,298600.0,386.0,231700.0,223200.0,531200.0
2026-09-07T00:00:00,RANC,Supra Boga Lestari Tbk.,545.0,560.0,560.0,525.0,545.0,0.0,30800.0,16516000.0,56.0,540.0,400.0,535.0,2000.0,2600.0,0.0
2026-09-07T00:00:00,RANS,Rans Entertainmen Indonesia Tbk.,208.0,208.0,210.0,204.0,208.0,0.0,51710700.0,10702245800.0,4829.0,208.0,3847400.0,206.0,2746200.0,3775900.0,1219100.0
2026-09-07T00:00:00,RATU,Raharja Energi Cepu Tbk.,4490.0,4490.0,4700.0,4450.0,4500.0,10.0,13648300.0,62373998000.0,6821.0,4510.0,42600.0,4500.0,165600.0,2465700.0,5076800.0
2026-09-07T00:00:00,RBMS,Ristia Bintang Mahkotasejati Tbk.,62.0,62.0,63.0,61.0,62.0,0.0,7516400.0,466644300.0,400.0,62.0,36000.0,61.0,4952100.0,15600.0,21400.0
2026-09-07T00:00:00,RCCC,Utama Radar Cahaya Tbk.,118.0,0.0,120.0,115.0,116.0,-2.0,731300.0,84865500.0,100.0,117.0,124400.0,116.0,52300.0,0.0,0.0
2026-09-07T00:00:00,RDTX,Roda Vivatex Tbk,13775.0,13775.0,13775.0,12800.0,13375.0,-400.0,100900.0,1291900000.0,9.0,13775.0,1600.0,13375.0,300.0,100.0,0.0
2026-09-07T00:00:00,REAL,Repower Asia Indonesia Tbk.,50.0,50.0,50.0,50.0,50.0,0.0,351100.0,17555000.0,83.0,50.0,53607000.0,0.0,0.0,0.0,0.0
2026-09-07T00:00:00,RELF,Graha Mitra Asia Tbk.,38.0,0.0,40.0,36.0,37.0,-1.0,12738600.0,473236500.0,793.0,37.0,1583700.0,36.0,1182400.0,407700.0,1885200.0
2026-09-07T00:00:00,RELI,Reliance Sekuritas Indonesia Tbk.,550.0,0.0,560.0,535.0,550.0,0.0,3700.0,2003000.0,15.0,550.0,4900.0,535.0,100.0,700.0,200.0
2026-09-07T00:00:00,RGAS,Kian Santang Muliatama Tbk.,120.0,120.0,121.0,117.0,118.0,-2.0,34058900.0,4049717500.0,3327.0,119.0,722400.0,118.0,1734600.0,851200.0,1194200.0
2026-09-07T00:00:00,RICY,Ricky Putra Globalindo Tbk,79.0,80.0,80.0,78.0,80.0,1.0,1213500.0,95469500.0,195.0,80.0,147100.0,79.0,63600.0,0.0,0.0
2026-09-07T00:00:00,RIGS,Rig Tenders Indonesia Tbk.,715.0,720.0,720.0,700.0,720.0,5.0,16400.0,11519500.0,24.0,720.0,1900.0,715.0,200.0,0.0,0.0
2026-09-07T00:00:00,RIMO,Rimo International Lestari Tbk,50.0,0.0,0.0,0.0,50.0,0.0,0.0,0.0,0.0,0.0,0.0,0.0,0.0,0.0,0.0
2026-09-07T00:00:00,RISE,Jaya Sukses Makmur Sentosa Tbk.,890.0,900.0,900.0,865.0,875.0,-15.0,1081900.0,948727000.0,584.0,880.0,12400.0,870.0,700.0,35500.0,313800.0
2026-09-07T00:00:00,RLCO,Abadi Lestari Indonesia Tbk.,4680.0,4700.0,4830.0,4680.0,4780.0,100.0,625900.0,2978379000.0,1062.0,4790.0,25000.0,4780.0,10800.0,60900.0,152800.0
2026-09-07T00:00:00,RMKE,RMK Energy Tbk.,422.0,426.0,426.0,412.0,418.0,-4.0,61934700.0,25806210400.0,5632.0,418.0,1079400.0,416.0,2144500.0,3785000.0,20618900.0
2026-09-07T00:00:00,RMKO,Royaltama Mulia Kontraktorindo Tbk.,332.0,332.0,354.0,320.0,348.0,16.0,19419400.0,6678927400.0,3414.0,348.0,179100.0,346.0,6100.0,3336400.0,1408500.0
2026-09-07T00:00:00,ROCK,Rockfields Properti Indonesia Tbk.,2120.0,2170.0,2250.0,1995.0,2070.0,-50.0,179000.0,369572000.0,306.0,2070.0,16500.0,2060.0,1000.0,14900.0,2800.0
2026-09-07T00:00:00,RODA,Pikko Land Development Tbk.,63.0,63.0,63.0,61.0,62.0,-1.0,8141600.0,505587800.0,608.0,62.0,377600.0,61.0,2828700.0,13800.0,840100.0
2026-09-07T00:00:00,RONY,Aracord Nusantara Group Tbk.,1580.0,1975.0,1975.0,1580.0,1620.0,40.0,2262700.0,3935101000.0,1250.0,1620.0,1600.0,1605.0,100.0,74900.0,1534200.0
2026-09-07T00:00:00,ROTI,Nippon Indosari Corpindo Tbk.,585.0,590.0,595.0,585.0,590.0,5.0,666700.0,392318000.0,291.0,590.0,2900.0,585.0,842500.0,6200.0,164300.0
2026-09-07T00:00:00,RSCH,Charlie Hospital Semarang Tbk.,400.0,400.0,430.0,400.0,426.0,26.0,36724000.0,15376760000.0,4112.0,426.0,237800.0,424.0,306000.0,4530700.0,3307400.0
2026-09-07T00:00:00,RSGK,Kedoya Adyaraya Tbk.,940.0,0.0,960.0,915.0,925.0,-15.0,56200.0,51983000.0,92.0,925.0,109900.0,920.0,1800.0,0.0,7700.0
2026-09-07T00:00:00,RUIS,Radiant Utama Interinsco Tbk.,212.0,210.0,212.0,204.0,208.0,-4.0,547300.0,113034000.0,136.0,208.0,128000.0,206.0,1500.0,1300.0,1300.0
2026-09-07T00:00:00,RUNS,Global Sukses Solusi Tbk.,75.0,0.0,82.0,71.0,76.0,1.0,13239500.0,1036574100.0,1208.0,77.0,183300.0,76.0,18400.0,0.0,0.0
2026-09-07T00:00:00,SAFE,Steady Safe Tbk,875.0,0.0,0.0,0.0,875.0,0.0,0.0,0.0,0.0,0.0,0.0,0.0,0.0,0.0,0.0
2026-09-07T00:00:00,SAGE,Saptausaha Gemilangindah Tbk.,29.0,0.0,31.0,29.0,31.0,2.0,3520700.0,107380400.0,147.0,31.0,3910100.0,30.0,323100.0,0.0,0.0
2026-09-07T00:00:00,SAME,Sarana Meditama Metropolitan Tbk.,310.0,324.0,328.0,314.0,318.0,8.0,1545900.0,495010400.0,555.0,320.0,8500.0,318.0,17400.0,140800.0,401900.0
2026-09-07T00:00:00,SAMF,Saraswanti Anugerah Makmur Tbk.,316.0,320.0,320.0,314.0,318.0,2.0,335300.0,106737000.0,198.0,318.0,100.0,316.0,14700.0,268600.0,13400.0
2026-09-07T00:00:00,SAPX,Satria Antaran Prima Tbk.,272.0,280.0,286.0,252.0,268.0,-4.0,1320900.0,345850600.0,597.0,268.0,34200.0,260.0,21500.0,37500.0,35200.0
2026-09-07T00:00:00,SATU,Kota Satu Properti Tbk.,248.0,246.0,248.0,242.0,248.0,0.0,209700.0,51391400.0,57.0,246.0,200.0,242.0,74800.0,0.0,28700.0
2026-09-07T00:00:00,SBAT,Sejahtera Bintang Abadi Textile Tbk.,1.0,0.0,0.0,0.0,1.0,0.0,0.0,0.0,0.0,0.0,0.0,0.0,0.0,0.0,0.0
2026-09-07T00:00:00,SBMA,Surya Biru Murni Acetylene Tbk.,110.0,110.0,113.0,109.0,111.0,1.0,2228000.0,245828200.0,306.0,111.0,755400.0,110.0,129400.0,0.0,0.0
2026-09-07T00:00:00,SCCO,Supreme Cable Manufacturing & Commerce Tbk.,2570.0,2570.0,2630.0,2510.0,2600.0,30.0,102400.0,265429000.0,113.0,2600.0,600.0,2590.0,400.0,3000.0,6800.0
2026-09-07T00:00:00,SCMA,Surya Citra Media Tbk.,204.0,202.0,204.0,200.0,202.0,-2.0,37832800.0,7639693400.0,2143.0,202.0,817500.0,200.0,18756100.0,2518000.0,1691200.0
2026-09-07T00:00:00,SCNP,Selaras Citra Nusantara Perkasa Tbk.,156.0,159.0,159.0,156.0,156.0,0.0,296500.0,46617100.0,61.0,157.0,5300.0,156.0,23600.0,300.0,200.0
2026-09-07T00:00:00,SCPI,Organon Pharma Indonesia Tbk.,29000.0,0.0,0.0,0.0,29000.0,0.0,0.0,0.0,0.0,0.0,0.0,0.0,0.0,0.0,0.0
2026-09-07T00:00:00,SDMU,Sidomulyo Selaras Tbk.,92.0,91.0,94.0,90.0,91.0,-1.0,20670100.0,1895276200.0,3926.0,92.0,1052400.0,91.0,5900.0,2034200.0,1784900.0
2026-09-07T00:00:00,SDPC,Millennium Pharmacon International Tbk.,195.0,195.0,206.0,195.0,199.0,4.0,372600.0,74665500.0,93.0,200.0,28400.0,199.0,6200.0,0.0,0.0
2026-09-07T00:00:00,SDRA,Bank Woori Saudara Indonesia 1906 Tbk.,224.0,224.0,224.0,218.0,222.0,-2.0,1602900.0,353068000.0,175.0,222.0,542900.0,220.0,81900.0,179000.0,20100.0
2026-09-07T00:00:00,SEMA,Semacom Integrated Tbk.,111.0,113.0,113.0,109.0,109.0,-2.0,857200.0,94262500.0,195.0,109.0,3600.0,108.0,24300.0,1600.0,1900.0
2026-09-07T00:00:00,SFAN,Surya Fajar Capital Tbk.,2030.0,0.0,2030.0,2030.0,2030.0,0.0,45800.0,92974000.0,37.0,2040.0,1900.0,2020.0,800.0,1400.0,0.0
2026-09-07T00:00:00,SGER,Sumber Global Energy Tbk.,645.0,645.0,705.0,625.0,695.0,50.0,75470700.0,51523845500.0,5312.0,695.0,291100.0,690.0,57900.0,15589200.0,9946700.0
2026-09-07T00:00:00,SGRO,Prime Agri Resources Tbk.,5000.0,0.0,5025.0,4850.0,4970.0,-30.0,58700.0,293546500.0,63.0,4970.0,7900.0,4960.0,200.0,0.0,1400.0
2026-09-07T00:00:00,SHID,Hotel Sahid Jaya International Tbk.,545.0,0.0,680.0,545.0,680.0,135.0,855900.0,569165000.0,856.0,0.0,0.0,680.0,1141600.0,29700.0,41300.0
2026-09-07T00:00:00,SHIP,Sillo Maritime Perdana Tbk.,2340.0,0.0,2760.0,2250.0,2690.0,350.0,379700.0,918437000.0,370.0,2690.0,31300.0,2670.0,1000.0,0.0,16400.0
2026-09-07T00:00:00,SICO,Sigma Energy Compressindo Tbk.,113.0,114.0,116.0,113.0,115.0,2.0,2402700.0,275327600.0,374.0,116.0,1107700.0,115.0,32200.0,9700.0,9600.0
2026-09-07T00:00:00,SIDO,Industri Jamu dan Farmasi Sido Muncul Tbk.,356.0,354.0,358.0,354.0,354.0,-2.0,22923800.0,8159076400.0,3984.0,356.0,160400.0,354.0,3636600.0,3600400.0,5678100.0
2026-09-07T00:00:00,SILO,Siloam International Hospitals Tbk.,2140.0,2200.0,2350.0,2200.0,2230.0,90.0,842000.0,1891109000.0,898.0,2240.0,8600.0,2230.0,242400.0,72600.0,126800.0
2026-09-07T00:00:00,SIMA,Siwani Makmur Tbk,50.0,0.0,0.0,0.0,50.0,0.0,0.0,0.0,0.0,0.0,0.0,0.0,0.0,0.0,0.0
2026-09-07T00:00:00,SIMP,Salim Ivomas Pratama Tbk.,645.0,645.0,645.0,630.0,630.0,-15.0,14366900.0,9105197000.0,2401.0,635.0,315600.0,630.0,290900.0,672400.0,3672200.0
2026-09-07T00:00:00,SINI,Singaraja Putra Tbk.,14500.0,14500.0,15200.0,13750.0,15075.0,575.0,11719200.0,171210602500.0,8959.0,15100.0,53500.0,15075.0,48300.0,1745300.0,1682200.0
2026-09-07T00:00:00,SIPD,Sreeya Sewu Indonesia Tbk.,900.0,910.0,930.0,910.0,930.0,30.0,5600.0,5145000.0,16.0,930.0,7400.0,905.0,200.0,2400.0,0.0
2026-09-07T00:00:00,SKBM,Sekar Bumi Tbk.,570.0,570.0,570.0,550.0,560.0,-10.0,274700.0,153064500.0,191.0,560.0,13100.0,555.0,2500.0,0.0,3800.0
2026-09-07T00:00:00,SKLT,Sekar Laut Tbk.,220.0,228.0,228.0,216.0,216.0,-4.0,201300.0,44809400.0,100.0,220.0,500.0,216.0,19700.0,9000.0,30600.0
2026-09-07T00:00:00,SKRN,Superkrane Mitra Utama Tbk.,394.0,394.0,404.0,392.0,396.0,2.0,519500.0,205591400.0,210.0,396.0,29200.0,394.0,300.0,40600.0,0.0
2026-09-07T00:00:00,SKYB,Northcliff Citranusa Indonesia Tbk.,51.0,0.0,0.0,0.0,51.0,0.0,0.0,0.0,0.0,0.0,0.0,0.0,0.0,0.0,0.0
2026-09-07T00:00:00,SLIS,Gaya Abadi Sempurna Tbk.,89.0,88.0,92.0,87.0,89.0,0.0,22514600.0,2009792700.0,1507.0,90.0,239900.0,89.0,643300.0,6370200.0,4338300.0
2026-09-07T00:00:00,SMAR,Sinar Mas Agro Resources and Technology Tbk.,6700.0,6675.0,6800.0,6650.0,6675.0,-25.0,27500.0,184515000.0,84.0,6700.0,7100.0,6675.0,800.0,0.0,5900.0
2026-09-07T00:00:00,SMBR,Semen Baturaja (Persero) Tbk.,180.0,181.0,181.0,175.0,175.0,-5.0,7357200.0,1301360200.0,1008.0,176.0,2000.0,175.0,527100.0,144700.0,541700.0
2026-09-07T00:00:00,SMCB,Solusi Bangun Indonesia Tbk.,775.0,0.0,0.0,0.0,775.0,0.0,0.0,0.0,0.0,0.0,0.0,0.0,0.0,0.0,0.0
2026-09-07T00:00:00,SMDM,Suryamas Dutamakmur Tbk.,565.0,575.0,575.0,540.0,555.0,-10.0,172700.0,96062500.0,94.0,555.0,3600.0,545.0,22800.0,0.0,0.0
2026-09-07T00:00:00,SMDR,Samudera Indonesia  Tbk.,346.0,348.0,370.0,348.0,362.0,16.0,51302800.0,18592442600.0,4557.0,362.0,431100.0,360.0,424400.0,15671100.0,4689600.0
2026-09-07T00:00:00,SMGA,Sumber Mineral Global Abadi Tbk.,89.0,89.0,90.0,86.0,90.0,1.0,19381600.0,1704599100.0,1147.0,90.0,2257200.0,88.0,685500.0,2002500.0,2915400.0
2026-09-07T00:00:00,SMGR,Semen Indonesia (Persero) Tbk.,1795.0,1750.0,1800.0,1750.0,1755.0,-40.0,19225700.0,33999426000.0,4247.0,1760.0,2700.0,1755.0,42800.0,6130100.0,8861400.0
2026-09-07T00:00:00,SMIL,Sarana Mitra Luas Tbk.,428.0,424.0,430.0,416.0,430.0,2.0,51725500.0,22026326600.0,1677.0,430.0,955400.0,428.0,105000.0,6051400.0,4903800.0
2026-09-07T00:00:00,SMKL,Satyamitra Kemas Lestari Tbk.,158.0,158.0,172.0,150.0,157.0,-1.0,2890800.0,463274000.0,1080.0,157.0,7800.0,154.0,500.0,178200.0,39000.0
2026-09-07T00:00:00,SMKM,Sumber Mas Konstruksi Tbk.,112.0,0.0,114.0,108.0,109.0,-3.0,1299100.0,142676500.0,234.0,109.0,53300.0,108.0,222800.0,0.0,0.0
2026-09-07T00:00:00,SMLE,Sinergi Multi Lestarindo Tbk.,190.0,194.0,198.0,188.0,192.0,2.0,25906900.0,4985830100.0,3599.0,193.0,172300.0,191.0,5300.0,1938400.0,1008700.0
2026-09-07T00:00:00,SMMA,Sinarmas Multiartha Tbk.,20200.0,0.0,20200.0,19000.0,19025.0,-1175.0,8500.0,164670000.0,59.0,19750.0,100.0,19025.0,1300.0,800.0,300.0
2026-09-07T00:00:00,SMMT,Golden Eagle Energy Tbk.,2610.0,2670.0,2820.0,2460.0,2510.0,-100.0,1351500.0,3551870000.0,1296.0,2530.0,6600.0,2510.0,10200.0,87600.0,238300.0
2026-09-07T00:00:00,SMRA,Summarecon Agung Tbk.,332.0,332.0,336.0,332.0,336.0,4.0,20499000.0,6847845400.0,1311.0,336.0,676300.0,334.0,1274700.0,4552100.0,2970500.0
2026-09-07T00:00:00,SMRU,SMR Utama Tbk.,50.0,0.0,0.0,0.0,50.0,0.0,0.0,0.0,0.0,0.0,0.0,0.0,0.0,0.0,0.0
2026-09-07T00:00:00,SMSM,Selamat Sempurna Tbk.,1720.0,1730.0,1760.0,1720.0,1740.0,20.0,6192800.0,10820319000.0,1543.0,1740.0,600.0,1735.0,65400.0,2664600.0,4235000.0
2026-09-07T00:00:00,SNLK,Sunter Lakeside Hotel Tbk.,232.0,232.0,238.0,226.0,238.0,6.0,15087600.0,3497890800.0,885.0,238.0,131900.0,236.0,16000.0,1033400.0,682600.0
2026-09-07T00:00:00,SOCI,Soechi Lines Tbk.,640.0,655.0,670.0,625.0,640.0,0.0,17459900.0,11266068000.0,2349.0,645.0,937900.0,640.0,603900.0,1976500.0,5380100.0
2026-09-07T00:00:00,SOFA,Solusi Environment Asia Tbk.,316.0,0.0,328.0,314.0,324.0,8.0,2513700.0,803939000.0,500.0,324.0,70300.0,322.0,200.0,171000.0,134200.0
2026-09-07T00:00:00,SOHO,Soho Global Health Tbk.,1205.0,1205.0,1505.0,1205.0,1505.0,300.0,908100.0,1305660000.0,1140.0,0.0,0.0,1505.0,1524200.0,0.0,0.0
2026-09-07T00:00:00,SOLA,Xolare RCR Energy Tbk.,93.0,93.0,94.0,91.0,92.0,-1.0,6629400.0,612346000.0,466.0,94.0,2000500.0,92.0,1360100.0,965300.0,0.0
2026-09-07T00:00:00,SONA,Sona Topas Tourism Industry Tbk.,2400.0,0.0,2410.0,2310.0,2400.0,0.0,3800.0,9028000.0,11.0,2400.0,5600.0,2310.0,11600.0,0.0,0.0
2026-09-07T00:00:00,SOSS,ALSOK Indonesia Services Tbk.,970.0,0.0,1010.0,1010.0,1010.0,40.0,1500.0,1515000.0,4.0,1010.0,54900.0,970.0,100000.0,0.0,0.0
2026-09-07T00:00:00,SOTS,Satria Mega Kencana Tbk.,615.0,615.0,615.0,590.0,605.0,-10.0,495400.0,298077000.0,183.0,605.0,9200.0,600.0,68100.0,0.0,0.0
2026-09-07T00:00:00,SOUL,Mitra Tirta Buwana Tbk.,37.0,0.0,0.0,0.0,37.0,0.0,0.0,0.0,0.0,0.0,0.0,0.0,0.0,0.0,0.0
2026-09-07T00:00:00,SPMA,Suparma Tbk.,170.0,170.0,173.0,170.0,171.0,1.0,400500.0,68495100.0,153.0,171.0,4800.0,170.0,10400.0,0.0,11600.0
2026-09-07T00:00:00,SPRE,Soraya Berjaya Indonesia Tbk.,92.0,0.0,95.0,87.0,90.0,-2.0,4110200.0,365481700.0,242.0,90.0,588700.0,89.0,66200.0,0.0,0.0
2026-09-07T00:00:00,SPTO,Surya Pertiwi Tbk.,620.0,615.0,620.0,610.0,615.0,-5.0,953600.0,583022000.0,456.0,615.0,628600.0,610.0,145700.0,51500.0,1000.0
2026-09-07T00:00:00,SQMI,Wilton Makmur Indonesia Tbk.,103.0,104.0,109.0,96.0,102.0,-1.0,489686600.0,50241202200.0,14474.0,102.0,6838500.0,101.0,2445000.0,73051400.0,93076200.0
2026-09-07T00:00:00,SRAJ,Sejahteraraya Anugrahjaya Tbk.,13300.0,0.0,13500.0,13150.0,13200.0,-100.0,1600.0,21255000.0,14.0,13350.0,100.0,13200.0,100.0,0.0,600.0
2026-09-07T00:00:00,SRIL,Sri Rejeki Isman Tbk.,146.0,0.0,0.0,0.0,146.0,0.0,0.0,0.0,0.0,0.0,0.0,0.0,0.0,0.0,0.0
2026-09-07T00:00:00,SRSN,Indo Acidatama Tbk,106.0,106.0,107.0,101.0,104.0,-2.0,139500200.0,14298845200.0,7275.0,104.0,2833600.0,103.0,1086500.0,26327500.0,18508600.0
2026-09-07T00:00:00,SRTG,Saratoga Investama Sedaya Tbk.,1795.0,1795.0,1810.0,1790.0,1805.0,10.0,1962300.0,3538109000.0,653.0,1810.0,91100.0,1800.0,605600.0,502500.0,553800.0
2026-09-07T00:00:00,SSIA,Surya Semesta Internusa Tbk.,1810.0,1810.0,1830.0,1790.0,1795.0,-15.0,20652000.0,37333951500.0,6326.0,1800.0,2514800.0,1795.0,593700.0,1448400.0,1542200.0
2026-09-07T00:00:00,SSMS,Sawit Sumbermas Sarana Tbk.,1185.0,1185.0,1215.0,1175.0,1180.0,-5.0,10726900.0,12823443500.0,1116.0,1190.0,1800.0,1180.0,283000.0,2357500.0,3741500.0
2026-09-07T00:00:00,SSTM,Sunson Textile Manufacture Tbk,505.0,505.0,505.0,466.0,476.0,-29.0,440100.0,211374300.0,355.0,482.0,400.0,476.0,51600.0,69600.0,0.0
2026-09-07T00:00:00,STAA,Sumber Tani Agung Resources Tbk.,1310.0,1310.0,1315.0,1245.0,1260.0,-50.0,7601300.0,9603892000.0,1009.0,1260.0,4600.0,1255.0,141300.0,161700.0,1116100.0
2026-09-07T00:00:00,STAR,Calculus Global Ventures Tbk.,394.0,0.0,394.0,386.0,386.0,-8.0,37300.0,14559400.0,45.0,390.0,25000.0,386.0,200.0,2400.0,400.0
2026-09-07T00:00:00,STRK,Lovina Beach Brewery Tbk.,66.0,66.0,67.0,64.0,66.0,0.0,7130700.0,464741100.0,494.0,66.0,2002900.0,65.0,350400.0,1612300.0,39700.0
2026-09-07T00:00:00,STTP,Siantar Top Tbk.,9450.0,0.0,9550.0,9475.0,9475.0,25.0,200.0,1902500.0,2.0,9500.0,800.0,9425.0,400.0,0.0,100.0
2026-09-07T00:00:00,SUGI,Sugih Energy Tbk.,50.0,0.0,0.0,0.0,50.0,0.0,0.0,0.0,0.0,0.0,0.0,0.0,0.0,0.0,0.0
2026-09-07T00:00:00,SULI,SLJ Global Tbk.,90.0,90.0,91.0,88.0,89.0,-1.0,8126000.0,725879100.0,691.0,89.0,108600.0,88.0,1512700.0,1114300.0,5161500.0
2026-09-07T00:00:00,SUNI,Sunindo Pratama Tbk.,700.0,700.0,705.0,690.0,695.0,-5.0,585800.0,409433500.0,147.0,695.0,160500.0,690.0,1700.0,0.0,25000.0
2026-09-07T00:00:00,SUPA,Super Bank Indonesia Tbk.,515.0,515.0,530.0,510.0,520.0,5.0,15734100.0,8135066000.0,1834.0,525.0,1401000.0,520.0,881500.0,3986700.0,2143600.0
2026-09-07T00:00:00,SUPR,Solusi Tunas Pratama Tbk.,43850.0,0.0,0.0,0.0,43850.0,0.0,0.0,0.0,0.0,0.0,0.0,0.0,0.0,0.0,0.0
2026-09-07T00:00:00,SURE,Super Energy Tbk.,3280.0,3350.0,3500.0,2930.0,3150.0,-130.0,120500.0,384426000.0,268.0,3190.0,500.0,3150.0,1900.0,3900.0,5100.0
2026-09-07T00:00:00,SURI,Maja Agung Latexindo Tbk.,80.0,85.0,95.0,83.0,84.0,4.0,111442000.0,9873263300.0,6880.0,85.0,262900.0,84.0,831400.0,8024100.0,10313800.0
2026-09-07T00:00:00,SWAT,Sriwahana Adityakarta Tbk.,16.0,0.0,0.0,0.0,16.0,0.0,0.0,0.0,0.0,0.0,0.0,0.0,0.0,0.0,0.0
2026-09-07T00:00:00,SWID,Saraswanti Indoland Development Tbk.,120.0,120.0,123.0,119.0,119.0,-1.0,2727300.0,328068400.0,495.0,120.0,15200.0,119.0,113100.0,127900.0,247500.0
2026-09-07T00:00:00,TALF,Tunas Alfin Tbk.,710.0,710.0,720.0,700.0,705.0,-5.0,50500.0,35652500.0,88.0,705.0,36100.0,700.0,12600.0,0.0,5600.0
2026-09-07T00:00:00,TAMA,Lancartama Sejati Tbk.,206.0,0.0,206.0,200.0,202.0,-4.0,1741200.0,354915600.0,215.0,204.0,43300.0,202.0,12600.0,0.0,0.0
2026-09-07T00:00:00,TAMU,Pelayaran Tamarin Samudra Tbk.,28.0,0.0,27.0,26.0,27.0,-1.0,8036700.0,212680400.0,277.0,28.0,2990400.0,27.0,122600.0,0.0,0.0
2026-09-07T00:00:00,TAPG,Triputra Agro Persada Tbk.,2230.0,2230.0,2300.0,2220.0,2260.0,30.0,13881400.0,31489561000.0,4697.0,2260.0,326600.0,2250.0,64700.0,4716500.0,2389700.0
2026-09-07T00:00:00,TARA,Agung Semesta Sejahtera Tbk.,29.0,0.0,31.0,30.0,30.0,1.0,1320800.0,39778600.0,34.0,31.0,1456400.0,30.0,494300.0,0.0,0.0
2026-09-07T00:00:00,TAXI,Express Transindo Utama Tbk.,13.0,0.0,14.0,14.0,14.0,1.0,40863100.0,572083400.0,271.0,0.0,0.0,14.0,103032100.0,0.0,0.0
2026-09-07T00:00:00,TAYS,Jaya Swarasa Agung Tbk.,50.0,0.0,0.0,0.0,50.0,0.0,0.0,0.0,0.0,0.0,0.0,0.0,0.0,0.0,0.0
2026-09-07T00:00:00,TBIG,Tower Bersama Infrastructure Tbk.,1515.0,1580.0,1580.0,1495.0,1500.0,-15.0,1343000.0,2043271000.0,424.0,1515.0,500.0,1500.0,800.0,9400.0,944200.0
2026-09-07T00:00:00,TBLA,Tunas Baru Lampung Tbk.,640.0,635.0,640.0,630.0,630.0,-10.0,1436700.0,910484500.0,517.0,635.0,196500.0,630.0,269500.0,131100.0,275700.0
2026-09-07T00:00:00,TBMS,Tembaga Mulia Semanan Tbk.,1220.0,1220.0,1250.0,1190.0,1200.0,-20.0,6100.0,7446000.0,30.0,1215.0,500.0,1200.0,7000.0,0.0,0.0
2026-09-07T00:00:00,TCID,Mandom Indonesia Tbk.,2610.0,2510.0,2620.0,2510.0,2550.0,-60.0,2000.0,5147000.0,11.0,2620.0,100.0,2570.0,1100.0,0.0,700.0
2026-09-07T00:00:00,TCPI,Transcoal Pacific Tbk.,2260.0,2260.0,2360.0,2210.0,2320.0,60.0,3072600.0,7018080000.0,2272.0,2330.0,58300.0,2320.0,10900.0,1071400.0,1296900.0
2026-09-07T00:00:00,TDPM,Tianrong Chemicals Industry Tbk.,119.0,0.0,0.0,0.0,119.0,0.0,0.0,0.0,0.0,0.0,0.0,0.0,0.0,0.0,0.0
2026-09-07T00:00:00,TEBE,Dana Brata Luhur Tbk.,1660.0,1675.0,1705.0,1635.0,1670.0,10.0,5294000.0,8818964000.0,1833.0,1670.0,29000.0,1665.0,2000.0,993400.0,665900.0
2026-09-07T00:00:00,TECH,Indosterling Technomedia Tbk.,50.0,0.0,0.0,0.0,50.0,0.0,0.0,0.0,0.0,0.0,0.0,0.0,0.0,0.0,0.0
2026-09-07T00:00:00,TELE,Omni Inovasi Indonesia Tbk.,9.0,0.0,0.0,0.0,9.0,0.0,0.0,0.0,0.0,0.0,0.0,0.0,0.0,0.0,0.0
2026-09-07T00:00:00,TFAS,Telefast Indonesia Tbk.,184.0,184.0,193.0,184.0,192.0,8.0,1356300.0,257682700.0,365.0,193.0,169100.0,192.0,9000.0,24100.0,0.0
2026-09-07T00:00:00,TFCO,Tifico Fiber Indonesia Tbk.,890.0,0.0,870.0,820.0,870.0,-20.0,500.0,421000.0,3.0,890.0,10000.0,820.0,100.0,0.0,0.0
2026-09-07T00:00:00,TGKA,Tigaraksa Satria Tbk.,4970.0,0.0,4990.0,4970.0,4990.0,20.0,900.0,4476000.0,6.0,5075.0,100.0,4990.0,1200.0,100.0,0.0
2026-09-07T00:00:00,TGRA,Terregra Asia Energy Tbk.,27.0,0.0,0.0,0.0,27.0,0.0,0.0,0.0,0.0,0.0,0.0,0.0,0.0,0.0,0.0
2026-09-07T00:00:00,TGUK,Platinum Wahab Nusantara Tbk.,66.0,0.0,68.0,65.0,67.0,1.0,2740800.0,183537000.0,102.0,68.0,76900.0,67.0,982400.0,0.0,0.0
2026-09-07T00:00:00,TIFA,KDB Tifa Finance Tbk.,330.0,0.0,344.0,324.0,326.0,-4.0,43100.0,14111800.0,48.0,330.0,8700.0,324.0,2200.0,12000.0,0.0
2026-09-07T00:00:00,TINS,TIMAH (Persero) Tbk.,4420.0,4420.0,4500.0,4320.0,4480.0,60.0,56797200.0,250346523000.0,15120.0,4480.0,1224700.0,4470.0,54800.0,22357700.0,25766200.0
2026-09-07T00:00:00,TIRA,Tira Austenite Tbk,416.0,424.0,424.0,400.0,414.0,-2.0,248200.0,101185200.0,113.0,414.0,7100.0,408.0,7500.0,22500.0,0.0
2026-09-07T00:00:00,TIRT,Tirta Mahakam Resources Tbk,590.0,0.0,0.0,0.0,590.0,0.0,0.0,0.0,0.0,0.0,0.0,0.0,0.0,0.0,0.0
2026-09-07T00:00:00,TKIM,Pabrik Kertas Tjiwi Kimia Tbk.,8150.0,8175.0,8200.0,8025.0,8150.0,0.0,2399000.0,19470475000.0,1117.0,8175.0,21600.0,8150.0,200.0,838000.0,386200.0
2026-09-07T00:00:00,TLDN,Teladan Prima Agro Tbk.,655.0,655.0,655.0,625.0,645.0,-10.0,1767300.0,1136684500.0,487.0,645.0,88500.0,640.0,15200.0,283200.0,220900.0
2026-09-07T00:00:00,TLKM,Telkom Indonesia (Persero) Tbk.,2610.0,2610.0,2620.0,2600.0,2610.0,0.0,42030200.0,109662859000.0,10240.0,2620.0,5793600.0,2610.0,113400.0,24539000.0,22835000.0
2026-09-07T00:00:00,TMAS,Temas Tbk.,144.0,144.0,150.0,143.0,147.0,3.0,12754200.0,1870835500.0,1179.0,147.0,756200.0,146.0,130000.0,1695400.0,1095900.0
2026-09-07T00:00:00,TMPO,Tempo Intimedia Tbk.,170.0,169.0,172.0,164.0,166.0,-4.0,15481600.0,2584141100.0,2269.0,167.0,3000.0,166.0,91400.0,2254400.0,1185700.0
2026-09-07T00:00:00,TNCA,Trimuda Nuansa Citra Tbk.,178.0,180.0,198.0,174.0,184.0,6.0,5696100.0,1069939300.0,1335.0,185.0,38100.0,184.0,33200.0,0.0,0.0
2026-09-07T00:00:00,TOBA,TBS Energi Utama Tbk.,595.0,585.0,595.0,565.0,580.0,-15.0,18220000.0,10643375500.0,2419.0,580.0,528200.0,575.0,606900.0,4092300.0,2082400.0
2026-09-07T00:00:00,TOOL,Rohartindo Nusantara Luas Tbk.,71.0,72.0,87.0,70.0,75.0,4.0,582188000.0,45641895900.0,19038.0,76.0,1996000.0,75.0,1320900.0,11193100.0,9310000.0
2026-09-07T00:00:00,TOPS,Totalindo Eka Persada Tbk.,1.0,0.0,0.0,0.0,1.0,0.0,0.0,0.0,0.0,0.0,0.0,0.0,0.0,0.0,0.0
2026-09-07T00:00:00,TOSK,Topindo Solusi Komunika Tbk.,80.0,80.0,83.0,78.0,81.0,1.0,37345700.0,3013845300.0,2099.0,81.0,1163300.0,80.0,2844200.0,4834100.0,4817700.0
2026-09-07T00:00:00,TOTL,Total Bangun Persada Tbk.,1465.0,1470.0,1535.0,1445.0,1525.0,60.0,4192000.0,6346199500.0,1665.0,1525.0,12500.0,1520.0,500.0,2100800.0,1181100.0
2026-09-07T00:00:00,TOTO,Surya Toto Indonesia Tbk.,238.0,238.0,242.0,238.0,240.0,2.0,513800.0,123248200.0,270.0,240.0,34800.0,238.0,999900.0,200.0,1200.0
2026-09-07T00:00:00,TOWR,Sarana Menara Nusantara Tbk.,446.0,446.0,454.0,444.0,452.0,6.0,33463100.0,15107572200.0,2121.0,454.0,1833800.0,452.0,530900.0,2910000.0,15087000.0
2026-09-07T00:00:00,TOYS,Sunindo Adipersada Tbk.,8.0,0.0,0.0,0.0,8.0,0.0,0.0,0.0,0.0,0.0,0.0,0.0,0.0,0.0,0.0
2026-09-07T00:00:00,TPIA,Chandra Asri Pacific Tbk.,1995.0,1995.0,2010.0,1970.0,1975.0,-20.0,149990100.0,297500850000.0,27080.0,1975.0,90800.0,1970.0,5854400.0,7425900.0,68456900.0
2026-09-07T00:00:00,TPMA,Trans Power Marine Tbk.,492.0,492.0,496.0,490.0,490.0,-2.0,1482900.0,730263200.0,485.0,490.0,45100.0,488.0,348000.0,1900.0,47000.0
2026-09-07T00:00:00,TRAM,Trada Alam Minera Tbk.,50.0,0.0,0.0,0.0,50.0,0.0,0.0,0.0,0.0,0.0,0.0,0.0,0.0,0.0,0.0
2026-09-07T00:00:00,TRGU,Cerestar Indonesia Tbk.,171.0,175.0,185.0,169.0,173.0,2.0,650900.0,114449600.0,253.0,178.0,11000.0,173.0,86600.0,38500.0,85500.0
2026-09-07T00:00:00,TRIL,Triwira Insanlestari Tbk.,50.0,0.0,0.0,0.0,50.0,0.0,0.0,0.0,0.0,0.0,0.0,0.0,0.0,0.0,0.0
2026-09-07T00:00:00,TRIM,Trimegah Sekuritas Indonesia Tbk.,700.0,725.0,750.0,680.0,700.0,0.0,277800.0,196517500.0,115.0,700.0,104100.0,695.0,10300.0,10100.0,6200.0
2026-09-07T00:00:00,TRIN,Perintis Triniti Properti Tbk.,416.0,416.0,426.0,396.0,408.0,-8.0,47631800.0,19337021400.0,5714.0,408.0,2900.0,404.0,2200.0,3536700.0,10650200.0
2026-09-07T00:00:00,TRIO,Trikomsel Oke Tbk.,426.0,0.0,0.0,0.0,426.0,0.0,0.0,0.0,0.0,0.0,0.0,0.0,0.0,0.0,0.0
2026-09-07T00:00:00,TRIS,Trisula International Tbk.,177.0,178.0,179.0,176.0,178.0,1.0,951300.0,168963000.0,372.0,178.0,59600.0,177.0,38700.0,1200.0,1200.0
2026-09-07T00:00:00,TRJA,Transkon Jaya Tbk.,132.0,132.0,132.0,128.0,131.0,-1.0,298800.0,38642600.0,117.0,131.0,38100.0,129.0,17200.0,34300.0,0.0
2026-09-07T00:00:00,TRON,Teknologi Karya Digital Nusa Tbk.,104.0,104.0,104.0,101.0,103.0,-1.0,9918300.0,1014377200.0,834.0,103.0,430300.0,102.0,582900.0,728900.0,424100.0
2026-09-07T00:00:00,TRST,Trias Sentosa Tbk.,460.0,0.0,460.0,458.0,460.0,0.0,62200.0,28589600.0,13.0,460.0,58700.0,456.0,2000.0,4500.0,8200.0
2026-09-07T00:00:00,TRUE,Triniti Dinamik Tbk.,50.0,0.0,0.0,0.0,50.0,0.0,0.0,0.0,0.0,0.0,0.0,0.0,0.0,0.0,0.0
2026-09-07T00:00:00,TRUK,Guna Timur Raya Tbk.,1075.0,0.0,0.0,0.0,1075.0,0.0,0.0,0.0,0.0,0.0,0.0,0.0,0.0,0.0,0.0
2026-09-07T00:00:00,TRUS,Trust Finance Indonesia Tbk,440.0,440.0,462.0,440.0,452.0,12.0,268300.0,121685800.0,200.0,452.0,74600.0,444.0,5800.0,15300.0,13500.0
2026-09-07T00:00:00,TSPC,Tempo Scan Pacific Tbk.,2740.0,2760.0,2800.0,2740.0,2740.0,0.0,487400.0,1347822000.0,276.0,2750.0,500.0,2740.0,53400.0,5000.0,141000.0
2026-09-07T00:00:00,TUGU,Asuransi Tugu Pratama Indonesia Tbk.,1355.0,1335.0,1360.0,1315.0,1320.0,-35.0,2051200.0,2728843000.0,982.0,1335.0,100.0,1320.0,220100.0,157200.0,68100.0
2026-09-07T00:00:00,TYRE,King Tire Indonesia Tbk.,114.0,116.0,116.0,112.0,113.0,-1.0,111000.0,12521400.0,40.0,113.0,178100.0,112.0,1800.0,0.0,200.0
2026-09-07T00:00:00,UANG,Pakuan Tbk.,4010.0,3600.0,4490.0,3600.0,3930.0,-80.0,2706900.0,11058786000.0,3822.0,3930.0,3900.0,3920.0,1900.0,230500.0,291300.0
2026-09-07T00:00:00,UCID,Uni-Charm Indonesia Tbk.,520.0,530.0,540.0,510.0,510.0,-10.0,986700.0,509517000.0,278.0,510.0,80600.0,505.0,98000.0,8100.0,130800.0
2026-09-07T00:00:00,UDNG,Agro Bahari Nusantara Tbk.,975.0,0.0,995.0,880.0,900.0,-75.0,17007100.0,15395406000.0,6698.0,900.0,1800.0,885.0,12300.0,955400.0,1128900.0
2026-09-07T00:00:00,UFOE,Damai Sejahtera Abadi Tbk.,149.0,148.0,149.0,146.0,149.0,0.0,717800.0,105727800.0,203.0,149.0,82100.0,147.0,14500.0,93800.0,0.0
2026-09-07T00:00:00,ULTJ,Ultrajaya Milk Industry & Trading Company Tbk.,1500.0,1530.0,1535.0,1505.0,1510.0,10.0,1380100.0,2098074500.0,548.0,1515.0,75100.0,1510.0,18500.0,276200.0,582200.0
2026-09-07T00:00:00,UNIC,Unggul Indah Cahaya Tbk.,15000.0,15000.0,15000.0,14950.0,15000.0,0.0,4600.0,68987500.0,24.0,15025.0,300.0,14975.0,300.0,0.0,0.0
2026-09-07T00:00:00,UNIQ,Ulima Nitra Tbk.,123.0,123.0,126.0,123.0,123.0,0.0,1080600.0,133805200.0,198.0,124.0,46800.0,123.0,100700.0,45000.0,46300.0
2026-09-07T00:00:00,UNIT,Nusantara Inti Corpora Tbk,316.0,0.0,0.0,0.0,316.0,0.0,0.0,0.0,0.0,0.0,0.0,0.0,0.0,0.0,0.0
2026-09-07T00:00:00,UNSP,Bakrie Sumatera Plantations Tbk.,206.0,0.0,0.0,0.0,206.0,0.0,0.0,0.0,0.0,0.0,0.0,0.0,0.0,0.0,0.0
2026-09-07T00:00:00,UNTD,Terang Dunia Internusa Tbk.,82.0,82.0,84.0,82.0,83.0,1.0,18235300.0,1512080200.0,566.0,84.0,1182300.0,83.0,61500.0,999000.0,1063400.0
2026-09-07T00:00:00,UNTR,United Tractors Tbk.,24950.0,25175.0,25850.0,25100.0,25300.0,350.0,2415300.0,61520220000.0,3682.0,25350.0,100.0,25300.0,25100.0,1702400.0,1164000.0
2026-09-07T00:00:00,UNVR,Unilever Indonesia Tbk.,1685.0,1675.0,1690.0,1670.0,1670.0,-15.0,11070200.0,18575204500.0,5209.0,1675.0,13000.0,1670.0,1383900.0,426300.0,3802000.0
2026-09-07T00:00:00,URBN,Urban Jakarta Propertindo Tbk.,226.0,0.0,226.0,226.0,226.0,0.0,50100.0,11322600.0,26.0,226.0,23100.0,222.0,200.0,0.0,2700.0
2026-09-07T00:00:00,UVCR,Trimegah Karya Pratama Tbk.,146.0,147.0,152.0,142.0,152.0,6.0,60524100.0,8924549900.0,2480.0,152.0,1388100.0,151.0,88900.0,7991400.0,3856500.0
2026-09-07T00:00:00,VAST,Vastland Indonesia Tbk.,113.0,112.0,116.0,112.0,114.0,1.0,1561900.0,176804100.0,344.0,116.0,150300.0,114.0,34900.0,117900.0,5200.0
2026-09-07T00:00:00,VERN,Verona Indah Pictures Tbk.,240.0,238.0,242.0,236.0,242.0,2.0,8330900.0,1996897800.0,3922.0,242.0,289000.0,240.0,75600.0,398100.0,264800.0
2026-09-07T00:00:00,VICI,Victoria Care Indonesia Tbk.,885.0,890.0,995.0,880.0,995.0,110.0,13570100.0,12957426000.0,1194.0,1000.0,1018200.0,995.0,612200.0,2293800.0,446500.0
2026-09-07T00:00:00,VICO,Victoria Investama Tbk.,154.0,153.0,159.0,150.0,153.0,-1.0,202600.0,31292800.0,87.0,153.0,8400.0,152.0,21000.0,11700.0,0.0
2026-09-07T00:00:00,VINS,Victoria Insurance Tbk.,141.0,142.0,148.0,142.0,146.0,5.0,383900.0,55940700.0,128.0,146.0,20200.0,144.0,2900.0,5900.0,1100.0
2026-09-07T00:00:00,VISI,Satu Visi Putra Tbk.,965.0,965.0,995.0,960.0,975.0,10.0,1046100.0,1029944000.0,178.0,975.0,31100.0,970.0,8500.0,35200.0,19100.0
2026-09-07T00:00:00,VIVA,Visi Media Asia Tbk.,47.0,0.0,49.0,47.0,47.0,0.0,19402300.0,920968900.0,364.0,48.0,1010000.0,47.0,9318000.0,0.0,0.0
2026-09-07T00:00:00,VKTR,VKTR Teknologi Mobilitas Tbk.,865.0,870.0,890.0,845.0,880.0,15.0,73974900.0,64591449500.0,11200.0,885.0,945900.0,880.0,140200.0,11724200.0,20159900.0
2026-09-07T00:00:00,VOKS,Voksel Electric Tbk.,240.0,240.0,242.0,238.0,240.0,0.0,313000.0,75044400.0,65.0,240.0,46100.0,238.0,900.0,0.0,0.0
2026-09-07T00:00:00,VRNA,Mizuho Leasing Indonesia Tbk.,102.0,102.0,110.0,92.0,98.0,-4.0,25804900.0,2531889100.0,3366.0,98.0,52400.0,97.0,165900.0,794900.0,630700.0
2026-09-07T00:00:00,VTNY,Venteny Fortuna International Tbk.,79.0,79.0,79.0,76.0,78.0,-1.0,23080200.0,1798948400.0,940.0,78.0,136200.0,77.0,1086900.0,108300.0,1241700.0
2026-09-07T00:00:00,WAPO,Wahana Pronatural Tbk.,173.0,173.0,175.0,170.0,172.0,-1.0,319800.0,54768600.0,131.0,172.0,5200.0,171.0,81600.0,0.0,9100.0
2026-09-07T00:00:00,WBSA,BSA Logistics Indonesia Tbk.,695.0,695.0,700.0,675.0,695.0,0.0,10208600.0,7008479500.0,3138.0,695.0,183500.0,690.0,50000.0,3051300.0,2714000.0
2026-09-07T00:00:00,WEGE,Wijaya Karya Bangunan Gedung Tbk.,54.0,54.0,54.0,52.0,53.0,-1.0,16726400.0,879342000.0,795.0,53.0,4946400.0,52.0,4976500.0,0.0,0.0
2026-09-07T00:00:00,WEHA,WEHA Transportasi Indonesia Tbk.,111.0,111.0,112.0,110.0,111.0,0.0,3476200.0,385393800.0,422.0,112.0,815500.0,111.0,113000.0,8500.0,132300.0
2026-09-07T00:00:00,WGSH,Wira Global Solusi Tbk.,160.0,0.0,162.0,150.0,160.0,0.0,37095900.0,5850018800.0,3396.0,160.0,196300.0,157.0,1300.0,2792100.0,3021200.0
2026-09-07T00:00:00,WICO,Wicaksana Overseas International Tbk.,123.0,0.0,0.0,0.0,123.0,0.0,0.0,0.0,0.0,0.0,0.0,0.0,0.0,0.0,0.0
2026-09-07T00:00:00,WIDI,Widiant Jaya Krenindo Tbk.,27.0,0.0,27.0,25.0,25.0,-2.0,15880300.0,411603500.0,476.0,26.0,1409500.0,25.0,17891300.0,0.0,0.0
2026-09-07T00:00:00,WIFI,Solusi Sinergi Digital Tbk.,2090.0,2090.0,2130.0,2060.0,2100.0,10.0,12749900.0,26701688000.0,3132.0,2110.0,178700.0,2100.0,105300.0,765200.0,1232400.0
2026-09-07T00:00:00,WIIM,Wismilak Inti Makmur Tbk.,1645.0,1655.0,1655.0,1625.0,1630.0,-15.0,1329900.0,2172178500.0,617.0,1635.0,20500.0,1630.0,12000.0,228100.0,294100.0
2026-09-07T00:00:00,WIKA,Wijaya Karya (Persero) Tbk.,204.0,0.0,0.0,0.0,204.0,0.0,0.0,0.0,0.0,0.0,0.0,0.0,0.0,0.0,0.0
2026-09-07T00:00:00,WINE,Hatten Bali Tbk.,134.0,132.0,136.0,131.0,133.0,-1.0,704300.0,93790200.0,166.0,133.0,7200.0,131.0,76300.0,2100.0,58300.0
2026-09-07T00:00:00,WINR,Winner Nusantara Jaya Tbk.,25.0,0.0,27.0,24.0,27.0,2.0,187580800.0,4659146300.0,1689.0,0.0,0.0,27.0,5211000.0,0.0,0.0
2026-09-07T00:00:00,WINS,Wintermar Offshore Marine Tbk.,570.0,570.0,580.0,565.0,575.0,5.0,3581700.0,2047104500.0,340.0,575.0,184100.0,570.0,243200.0,737100.0,21100.0
2026-09-07T00:00:00,WIRG,WIR ASIA Tbk.,76.0,77.0,77.0,73.0,74.0,-2.0,83704500.0,6250435900.0,2383.0,75.0,4568000.0,74.0,170100.0,1518400.0,17806700.0
2026-09-07T00:00:00,WMPP,Widodo Makmur Perkasa Tbk.,32.0,0.0,31.0,30.0,30.0,-2.0,20848300.0,637075000.0,579.0,31.0,8913000.0,30.0,6251100.0,0.0,0.0
2026-09-07T00:00:00,WMUU,Widodo Makmur Unggas Tbk.,50.0,50.0,50.0,50.0,50.0,0.0,4016400.0,200820000.0,415.0,50.0,73552600.0,0.0,0.0,0.0,0.0
2026-09-07T00:00:00,WOMF,Wahana Ottomitra Multiartha Tbk.,278.0,278.0,282.0,274.0,280.0,2.0,79800.0,22327200.0,68.0,280.0,39500.0,276.0,11000.0,3200.0,2100.0
2026-09-07T00:00:00,WOOD,Integra Indocabinet Tbk.,208.0,210.0,212.0,206.0,208.0,0.0,3329700.0,694198800.0,555.0,210.0,256000.0,208.0,52600.0,13300.0,311600.0
2026-09-07T00:00:00,WOWS,Ginting Jaya Energi Tbk.,59.0,59.0,61.0,58.0,59.0,0.0,60988300.0,3619901300.0,13950.0,60.0,6343800.0,59.0,24200.0,422300.0,273900.0
2026-09-07T00:00:00,WSBP,Waskita Beton Precast Tbk.,14.0,0.0,0.0,0.0,14.0,0.0,0.0,0.0,0.0,0.0,0.0,0.0,0.0,0.0,0.0
2026-09-07T00:00:00,WSKT,Waskita Karya (Persero) Tbk.,202.0,0.0,0.0,0.0,202.0,0.0,0.0,0.0,0.0,0.0,0.0,0.0,0.0,0.0,0.0
2026-09-07T00:00:00,WTON,Wijaya Karya Beton Tbk.,81.0,81.0,81.0,79.0,80.0,-1.0,4691600.0,376108000.0,325.0,80.0,103300.0,79.0,1571700.0,2400.0,4200.0
2026-09-07T00:00:00,YELO,Yelooo Integra Datanet Tbk.,104.0,103.0,106.0,101.0,101.0,-3.0,88235800.0,9062027800.0,15991.0,102.0,370500.0,100.0,4266400.0,7712400.0,8509200.0
2026-09-07T00:00:00,YOII,Asuransi Digital Bersama Tbk.,81.0,81.0,82.0,80.0,81.0,0.0,3430500.0,276973700.0,188.0,81.0,50000.0,80.0,648500.0,165900.0,8700.0
2026-09-07T00:00:00,YPAS,Yanaprima Hastapersada Tbk,1490.0,1490.0,1535.0,1350.0,1400.0,-90.0,196700.0,276327500.0,356.0,1405.0,300.0,1400.0,2500.0,11200.0,16800.0
2026-09-07T00:00:00,YULE,Yulie Sekuritas Indonesia Tbk.,3610.0,0.0,3890.0,3510.0,3550.0,-60.0,6000.0,21718000.0,35.0,3570.0,200.0,3520.0,400.0,200.0,1900.0
2026-09-07T00:00:00,YUPI,Yupi Indo Jelly Gum Tbk.,1320.0,1325.0,1340.0,1300.0,1320.0,0.0,67500.0,88668000.0,115.0,1325.0,500.0,1320.0,500.0,200.0,0.0
2026-09-07T00:00:00,ZATA,Bersama Zatta Jaya Tbk.,66.0,67.0,68.0,65.0,67.0,1.0,22490000.0,1496280400.0,1823.0,67.0,2310900.0,66.0,7087400.0,1262100.0,4055400.0
2026-09-07T00:00:00,ZBRA,Dosni Roha Indonesia Tbk.,50.0,0.0,0.0,0.0,50.0,0.0,0.0,0.0,0.0,0.0,0.0,0.0,0.0,0.0,0.0
2026-09-07T00:00:00,ZINC,Kapuas Prima Coal Tbk.,30.0,0.0,0.0,0.0,30.0,0.0,0.0,0.0,0.0,0.0,0.0,0.0,0.0,0.0,0.0
2026-09-07T00:00:00,ZONE,Mega Perintis Tbk.,720.0,720.0,720.0,705.0,715.0,-5.0,34800.0,24773000.0,40.0,715.0,18200.0,705.0,12300.0,0.0,0.0
2026-09-07T00:00:00,ZYRX,Zyrexindo Mandiri Buana Tbk.,133.0,133.0,138.0,127.0,129.0,-4.0,1601800.0,210242700.0,923.0,130.0,11900.0,129.0,11400.0,4900.0,5500.0
